config_id,alpha,beta,gamma,ridge_lambda,ratio_estimator,clipping,candidate_pool_size,adaptive_gamma,ess_floor,cond_ref,gamma_ess_scale,gamma_cond_scale,pooled_gap_mean,pooled_p_value,pooled_test,pooled_n_pairs,stability_mse_mean,pooled_mse_mean,holm_adjusted_p,stability_beats_pooled,holm_significant
cfg_0379,0.3,0.1,0.5,0.0001,logistic_ratio_proxy,none,16,True,200.0,120.0,0.8,0.25,0.017967323384694537,0.9982760483656256,paired_wilcoxon,25,0.09878730167197716,0.08081997828728264,0.9982760483656256,False,False
cfg_0096,0.1,0.1,0.0,1e-05,gaussian_diag_proxy,none,8,False,200.0,120.0,0.8,0.25,-0.021463257154223855,0.005861707780211346,paired_wilcoxon,25,0.08886017529624897,0.11032343245047282,1.0,True,False
cfg_0097,0.1,0.1,0.0,1e-05,gaussian_diag_proxy,none,8,True,200.0,120.0,0.8,0.25,-0.021463257154223855,0.005861707780211346,paired_wilcoxon,25,0.08886017529624897,0.11032343245047282,1.0,True,False
cfg_0112,0.1,0.1,0.0,0.0001,gaussian_diag_proxy,none,8,False,200.0,120.0,0.8,0.25,-0.021463232127083166,0.005861707780211346,paired_wilcoxon,25,0.08886019896590623,0.1103234310929894,1.0,True,False
cfg_0113,0.1,0.1,0.0,0.0001,gaussian_diag_proxy,none,8,True,200.0,120.0,0.8,0.25,-0.021463232127083166,0.005861707780211346,paired_wilcoxon,25,0.08886019896590623,0.1103234310929894,1.0,True,False
cfg_0000,0.1,0.0,0.0,1e-05,gaussian_diag_proxy,none,8,False,200.0,120.0,0.8,0.25,-0.011129764651270474,0.6010553032304586,paired_wilcoxon,25,0.09919366779920237,0.11032343245047282,1.0,True,False
cfg_0001,0.1,0.0,0.0,1e-05,gaussian_diag_proxy,none,8,True,200.0,120.0,0.8,0.25,-0.011129764651270474,0.6010553032304586,paired_wilcoxon,25,0.09919366779920237,0.11032343245047282,1.0,True,False
cfg_0016,0.1,0.0,0.0,0.0001,gaussian_diag_proxy,none,8,False,200.0,120.0,0.8,0.25,-0.011129714673037574,0.6010553032304586,paired_wilcoxon,25,0.09919371641995182,0.1103234310929894,1.0,True,False
cfg_0017,0.1,0.0,0.0,0.0001,gaussian_diag_proxy,none,8,True,200.0,120.0,0.8,0.25,-0.011129714673037574,0.6010553032304586,paired_wilcoxon,25,0.09919371641995182,0.1103234310929894,1.0,True,False
cfg_0098,0.1,0.1,0.0,1e-05,gaussian_diag_proxy,none,16,False,200.0,120.0,0.8,0.25,-0.010315874055741931,0.6717569347918481,paired_wilcoxon,25,0.08694569064635597,0.09726156470209789,1.0,True,False
cfg_0099,0.1,0.1,0.0,1e-05,gaussian_diag_proxy,none,16,True,200.0,120.0,0.8,0.25,-0.010315874055741931,0.6717569347918481,paired_wilcoxon,25,0.08694569064635597,0.09726156470209789,1.0,True,False
cfg_0114,0.1,0.1,0.0,0.0001,gaussian_diag_proxy,none,16,False,200.0,120.0,0.8,0.25,-0.010315849590175992,0.6717569347918481,paired_wilcoxon,25,0.08694571475242112,0.0972615643425971,1.0,True,False
cfg_0115,0.1,0.1,0.0,0.0001,gaussian_diag_proxy,none,16,True,200.0,120.0,0.8,0.25,-0.010315849590175992,0.6717569347918481,paired_wilcoxon,25,0.08694571475242112,0.0972615643425971,1.0,True,False
cfg_0038,0.1,0.0,0.1,1e-05,gaussian_diag_proxy,p99,16,False,200.0,120.0,0.8,0.25,-0.009333670727308457,0.29027114839058654,paired_wilcoxon,25,0.08193186967626936,0.0912655404035778,1.0,True,False
cfg_0039,0.1,0.0,0.1,1e-05,gaussian_diag_proxy,p99,16,True,200.0,120.0,0.8,0.25,-0.009333670727308457,0.29027114839058654,paired_wilcoxon,25,0.08193186967626936,0.0912655404035778,1.0,True,False
cfg_0134,0.1,0.1,0.1,1e-05,gaussian_diag_proxy,p99,16,False,200.0,120.0,0.8,0.25,-0.009333670727308457,0.29027114839058654,paired_wilcoxon,25,0.08193186967626936,0.0912655404035778,1.0,True,False
cfg_0135,0.1,0.1,0.1,1e-05,gaussian_diag_proxy,p99,16,True,200.0,120.0,0.8,0.25,-0.009333670727308457,0.29027114839058654,paired_wilcoxon,25,0.08193186967626936,0.0912655404035778,1.0,True,False
cfg_0054,0.1,0.0,0.1,0.0001,gaussian_diag_proxy,p99,16,False,200.0,120.0,0.8,0.25,-0.009333662231060146,0.29027114839058654,paired_wilcoxon,25,0.08193187792601753,0.09126554015707768,1.0,True,False
cfg_0055,0.1,0.0,0.1,0.0001,gaussian_diag_proxy,p99,16,True,200.0,120.0,0.8,0.25,-0.009333662231060146,0.29027114839058654,paired_wilcoxon,25,0.08193187792601753,0.09126554015707768,1.0,True,False
cfg_0150,0.1,0.1,0.1,0.0001,gaussian_diag_proxy,p99,16,False,200.0,120.0,0.8,0.25,-0.009333662231060146,0.29027114839058654,paired_wilcoxon,25,0.08193187792601753,0.09126554015707768,1.0,True,False
cfg_0151,0.1,0.1,0.1,0.0001,gaussian_diag_proxy,p99,16,True,200.0,120.0,0.8,0.25,-0.009333662231060146,0.29027114839058654,paired_wilcoxon,25,0.08193187792601753,0.09126554015707768,1.0,True,False
cfg_0231,0.3,0.0,0.1,1e-05,gaussian_diag_proxy,p99,16,True,200.0,120.0,0.8,0.25,-0.008985878515738685,0.4304563940603834,paired_wilcoxon,25,0.08227966188783911,0.0912655404035778,1.0,True,False
cfg_0327,0.3,0.1,0.1,1e-05,gaussian_diag_proxy,p99,16,True,200.0,120.0,0.8,0.25,-0.008985878515738685,0.4304563940603834,paired_wilcoxon,25,0.08227966188783911,0.0912655404035778,1.0,True,False
cfg_0326,0.3,0.1,0.1,1e-05,gaussian_diag_proxy,p99,16,False,200.0,120.0,0.8,0.25,-0.008985878399187519,0.4304563940603834,paired_wilcoxon,25,0.08227966200439027,0.0912655404035778,1.0,True,False
cfg_0247,0.3,0.0,0.1,0.0001,gaussian_diag_proxy,p99,16,True,200.0,120.0,0.8,0.25,-0.008985872394960917,0.4304563940603834,paired_wilcoxon,25,0.08227966776211676,0.09126554015707768,1.0,True,False
cfg_0343,0.3,0.1,0.1,0.0001,gaussian_diag_proxy,p99,16,True,200.0,120.0,0.8,0.25,-0.008985872394960917,0.4304563940603834,paired_wilcoxon,25,0.08227966776211676,0.09126554015707768,1.0,True,False
cfg_0342,0.3,0.1,0.1,0.0001,gaussian_diag_proxy,p99,16,False,200.0,120.0,0.8,0.25,-0.008985860796333085,0.4304563940603834,paired_wilcoxon,25,0.0822796793607446,0.09126554015707768,1.0,True,False
cfg_0262,0.3,0.0,0.5,1e-05,gaussian_diag_proxy,p99,16,False,200.0,120.0,0.8,0.25,-0.008916139105535651,0.4304563940603834,paired_wilcoxon,25,0.08234940129804215,0.0912655404035778,1.0,True,False
cfg_0358,0.3,0.1,0.5,1e-05,gaussian_diag_proxy,p99,16,False,200.0,120.0,0.8,0.25,-0.008916139105535651,0.4304563940603834,paired_wilcoxon,25,0.08234940129804215,0.0912655404035778,1.0,True,False
cfg_0278,0.3,0.0,0.5,0.0001,gaussian_diag_proxy,p99,16,False,200.0,120.0,0.8,0.25,-0.008916135639020852,0.4304563940603834,paired_wilcoxon,25,0.0823494045180568,0.09126554015707768,1.0,True,False
cfg_0374,0.3,0.1,0.5,0.0001,gaussian_diag_proxy,p99,16,False,200.0,120.0,0.8,0.25,-0.008916135639020852,0.4304563940603834,paired_wilcoxon,25,0.0823494045180568,0.09126554015707768,1.0,True,False
cfg_0070,0.1,0.0,0.5,1e-05,gaussian_diag_proxy,p99,16,False,200.0,120.0,0.8,0.25,-0.008804839433117669,0.4304563940603834,paired_wilcoxon,25,0.08246070097046015,0.0912655404035778,1.0,True,False
cfg_0071,0.1,0.0,0.5,1e-05,gaussian_diag_proxy,p99,16,True,200.0,120.0,0.8,0.25,-0.008804839433117669,0.4304563940603834,paired_wilcoxon,25,0.08246070097046015,0.0912655404035778,1.0,True,False
cfg_0166,0.1,0.1,0.5,1e-05,gaussian_diag_proxy,p99,16,False,200.0,120.0,0.8,0.25,-0.008804839433117669,0.4304563940603834,paired_wilcoxon,25,0.08246070097046015,0.0912655404035778,1.0,True,False
cfg_0167,0.1,0.1,0.5,1e-05,gaussian_diag_proxy,p99,16,True,200.0,120.0,0.8,0.25,-0.008804839433117669,0.4304563940603834,paired_wilcoxon,25,0.08246070097046015,0.0912655404035778,1.0,True,False
cfg_0086,0.1,0.0,0.5,0.0001,gaussian_diag_proxy,p99,16,False,200.0,120.0,0.8,0.25,-0.00880483273105915,0.4304563940603834,paired_wilcoxon,25,0.08246070742601852,0.09126554015707768,1.0,True,False
cfg_0087,0.1,0.0,0.5,0.0001,gaussian_diag_proxy,p99,16,True,200.0,120.0,0.8,0.25,-0.00880483273105915,0.4304563940603834,paired_wilcoxon,25,0.08246070742601852,0.09126554015707768,1.0,True,False
cfg_0182,0.1,0.1,0.5,0.0001,gaussian_diag_proxy,p99,16,False,200.0,120.0,0.8,0.25,-0.00880483273105915,0.4304563940603834,paired_wilcoxon,25,0.08246070742601852,0.09126554015707768,1.0,True,False
cfg_0183,0.1,0.1,0.5,0.0001,gaussian_diag_proxy,p99,16,True,200.0,120.0,0.8,0.25,-0.00880483273105915,0.4304563940603834,paired_wilcoxon,25,0.08246070742601852,0.09126554015707768,1.0,True,False
cfg_0263,0.3,0.0,0.5,1e-05,gaussian_diag_proxy,p99,16,True,200.0,120.0,0.8,0.25,-0.008630485863800295,0.5801073387995366,paired_wilcoxon,25,0.0826350545397775,0.0912655404035778,1.0,True,False
cfg_0359,0.3,0.1,0.5,1e-05,gaussian_diag_proxy,p99,16,True,200.0,120.0,0.8,0.25,-0.008630485863800295,0.5801073387995366,paired_wilcoxon,25,0.0826350545397775,0.0912655404035778,1.0,True,False
cfg_0279,0.3,0.0,0.5,0.0001,gaussian_diag_proxy,p99,16,True,200.0,120.0,0.8,0.25,-0.008630481638477537,0.5801073387995366,paired_wilcoxon,25,0.08263505851860015,0.09126554015707768,1.0,True,False
cfg_0375,0.3,0.1,0.5,0.0001,gaussian_diag_proxy,p99,16,True,200.0,120.0,0.8,0.25,-0.008630481638477537,0.5801073387995366,paired_wilcoxon,25,0.08263505851860015,0.09126554015707768,1.0,True,False
cfg_0230,0.3,0.0,0.1,1e-05,gaussian_diag_proxy,p99,16,False,200.0,120.0,0.8,0.25,-0.007876291560556282,0.6217161240056541,paired_wilcoxon,25,0.08338924884302151,0.0912655404035778,1.0,True,False
cfg_0246,0.3,0.0,0.1,0.0001,gaussian_diag_proxy,p99,16,False,200.0,120.0,0.8,0.25,-0.007876285327774233,0.6217161240056541,paired_wilcoxon,25,0.08338925482930344,0.09126554015707768,1.0,True,False
cfg_0100,0.1,0.1,0.0,1e-05,gaussian_diag_proxy,p99,8,False,200.0,120.0,0.8,0.25,-0.007362124158949057,0.054371707279341486,paired_wilcoxon,25,0.08733978240524883,0.09470190656419789,1.0,True,False
cfg_0101,0.1,0.1,0.0,1e-05,gaussian_diag_proxy,p99,8,True,200.0,120.0,0.8,0.25,-0.007362124158949057,0.054371707279341486,paired_wilcoxon,25,0.08733978240524883,0.09470190656419789,1.0,True,False
cfg_0116,0.1,0.1,0.0,0.0001,gaussian_diag_proxy,p99,8,False,200.0,120.0,0.8,0.25,-0.007362104596898714,0.054371707279341486,paired_wilcoxon,25,0.08733980157308238,0.0947019061699811,1.0,True,False
cfg_0117,0.1,0.1,0.0,0.0001,gaussian_diag_proxy,p99,8,True,200.0,120.0,0.8,0.25,-0.007362104596898714,0.054371707279341486,paired_wilcoxon,25,0.08733980157308238,0.0947019061699811,1.0,True,False
cfg_0224,0.3,0.0,0.1,1e-05,gaussian_diag_proxy,none,8,False,200.0,120.0,0.8,0.25,-0.007136622016024172,0.1374808087961295,paired_wilcoxon,25,0.10318681043444868,0.11032343245047282,1.0,True,False
cfg_0320,0.3,0.1,0.1,1e-05,gaussian_diag_proxy,none,8,False,200.0,120.0,0.8,0.25,-0.007136622016024172,0.1374808087961295,paired_wilcoxon,25,0.10318681043444868,0.11032343245047282,1.0,True,False
cfg_0240,0.3,0.0,0.1,0.0001,gaussian_diag_proxy,none,8,False,200.0,120.0,0.8,0.25,-0.0071365840596117535,0.1374808087961295,paired_wilcoxon,25,0.10318684703337765,0.1103234310929894,1.0,True,False
cfg_0336,0.3,0.1,0.1,0.0001,gaussian_diag_proxy,none,8,False,200.0,120.0,0.8,0.25,-0.0071365840596117535,0.1374808087961295,paired_wilcoxon,25,0.10318684703337765,0.1103234310929894,1.0,True,False
cfg_0032,0.1,0.0,0.1,1e-05,gaussian_diag_proxy,none,8,False,200.0,120.0,0.8,0.25,-0.006825693501383798,0.1374808087961295,paired_wilcoxon,25,0.10349773894908904,0.11032343245047282,1.0,True,False
cfg_0128,0.1,0.1,0.1,1e-05,gaussian_diag_proxy,none,8,False,200.0,120.0,0.8,0.25,-0.006825693501383798,0.1374808087961295,paired_wilcoxon,25,0.10349773894908904,0.11032343245047282,1.0,True,False
cfg_0048,0.1,0.0,0.1,0.0001,gaussian_diag_proxy,none,8,False,200.0,120.0,0.8,0.25,-0.006825655476335742,0.1374808087961295,paired_wilcoxon,25,0.10349777561665366,0.1103234310929894,1.0,True,False
cfg_0144,0.1,0.1,0.1,0.0001,gaussian_diag_proxy,none,8,False,200.0,120.0,0.8,0.25,-0.006825655476335742,0.1374808087961295,paired_wilcoxon,25,0.10349777561665366,0.1103234310929894,1.0,True,False
cfg_0072,0.1,0.0,0.5,1e-05,logistic_ratio_proxy,none,8,False,200.0,120.0,0.8,0.25,-0.004733547398052792,0.018350701665463064,paired_wilcoxon,25,0.08098335738165918,0.08571690477971197,1.0,True,False
cfg_0168,0.1,0.1,0.5,1e-05,logistic_ratio_proxy,none,8,False,200.0,120.0,0.8,0.25,-0.004733547398052792,0.018350701665463064,paired_wilcoxon,25,0.08098335738165918,0.08571690477971197,1.0,True,False
cfg_0088,0.1,0.0,0.5,0.0001,logistic_ratio_proxy,none,8,False,200.0,120.0,0.8,0.25,-0.004733524195618928,0.018350701665463064,paired_wilcoxon,25,0.08098338037873316,0.0857169045743521,1.0,True,False
cfg_0184,0.1,0.1,0.5,0.0001,logistic_ratio_proxy,none,8,False,200.0,120.0,0.8,0.25,-0.004733524195618928,0.018350701665463064,paired_wilcoxon,25,0.08098338037873316,0.0857169045743521,1.0,True,False
cfg_0012,0.1,0.0,0.0,1e-05,logistic_ratio_proxy,p99,8,False,200.0,120.0,0.8,0.25,-0.004479763604548453,0.014014037642261659,paired_wilcoxon,25,0.08138969501455481,0.08586945861910326,1.0,True,False
cfg_0013,0.1,0.0,0.0,1e-05,logistic_ratio_proxy,p99,8,True,200.0,120.0,0.8,0.25,-0.004479763604548453,0.014014037642261659,paired_wilcoxon,25,0.08138969501455481,0.08586945861910326,1.0,True,False
cfg_0108,0.1,0.1,0.0,1e-05,logistic_ratio_proxy,p99,8,False,200.0,120.0,0.8,0.25,-0.004479763604548453,0.014014037642261659,paired_wilcoxon,25,0.08138969501455481,0.08586945861910326,1.0,True,False
cfg_0109,0.1,0.1,0.0,1e-05,logistic_ratio_proxy,p99,8,True,200.0,120.0,0.8,0.25,-0.004479763604548453,0.014014037642261659,paired_wilcoxon,25,0.08138969501455481,0.08586945861910326,1.0,True,False
cfg_0028,0.1,0.0,0.0,0.0001,logistic_ratio_proxy,p99,8,False,200.0,120.0,0.8,0.25,-0.004479752217847935,0.014014037642261659,paired_wilcoxon,25,0.08138970620151667,0.08586945841936461,1.0,True,False
cfg_0029,0.1,0.0,0.0,0.0001,logistic_ratio_proxy,p99,8,True,200.0,120.0,0.8,0.25,-0.004479752217847935,0.014014037642261659,paired_wilcoxon,25,0.08138970620151667,0.08586945841936461,1.0,True,False
cfg_0124,0.1,0.1,0.0,0.0001,logistic_ratio_proxy,p99,8,False,200.0,120.0,0.8,0.25,-0.004479752217847935,0.014014037642261659,paired_wilcoxon,25,0.08138970620151667,0.08586945841936461,1.0,True,False
cfg_0125,0.1,0.1,0.0,0.0001,logistic_ratio_proxy,p99,8,True,200.0,120.0,0.8,0.25,-0.004479752217847935,0.014014037642261659,paired_wilcoxon,25,0.08138970620151667,0.08586945841936461,1.0,True,False
cfg_0140,0.1,0.1,0.1,1e-05,logistic_ratio_proxy,p99,8,False,200.0,120.0,0.8,0.25,-0.004430408879897683,0.015005792546364369,paired_wilcoxon,25,0.0814390497392056,0.08586945861910326,1.0,True,False
cfg_0156,0.1,0.1,0.1,0.0001,logistic_ratio_proxy,p99,8,False,200.0,120.0,0.8,0.25,-0.004430396702096129,0.015005792546364369,paired_wilcoxon,25,0.08143906171726849,0.08586945841936461,1.0,True,False
cfg_0141,0.1,0.1,0.1,1e-05,logistic_ratio_proxy,p99,8,True,200.0,120.0,0.8,0.25,-0.00435164824551524,0.015005792546364369,paired_wilcoxon,25,0.08151781037358803,0.08586945861910326,1.0,True,False
cfg_0157,0.1,0.1,0.1,0.0001,logistic_ratio_proxy,p99,8,True,200.0,120.0,0.8,0.25,-0.0043516344075694305,0.015005792546364369,paired_wilcoxon,25,0.08151782401179519,0.08586945841936461,1.0,True,False
cfg_0044,0.1,0.0,0.1,1e-05,logistic_ratio_proxy,p99,8,False,200.0,120.0,0.8,0.25,-0.004323968335216509,0.015005792546364369,paired_wilcoxon,25,0.08154549028388676,0.08586945861910326,1.0,True,False
cfg_0060,0.1,0.0,0.1,0.0001,logistic_ratio_proxy,p99,8,False,200.0,120.0,0.8,0.25,-0.004323956713982595,0.015005792546364369,paired_wilcoxon,25,0.08154550170538202,0.08586945841936461,1.0,True,False
cfg_0102,0.1,0.1,0.0,1e-05,gaussian_diag_proxy,p99,16,False,200.0,120.0,0.8,0.25,-0.004316081999263654,0.816741682205704,paired_wilcoxon,25,0.08694945840431416,0.0912655404035778,1.0,True,False
cfg_0103,0.1,0.1,0.0,1e-05,gaussian_diag_proxy,p99,16,True,200.0,120.0,0.8,0.25,-0.004316081999263654,0.816741682205704,paired_wilcoxon,25,0.08694945840431416,0.0912655404035778,1.0,True,False
cfg_0118,0.1,0.1,0.0,0.0001,gaussian_diag_proxy,p99,16,False,200.0,120.0,0.8,0.25,-0.004316065342980183,0.816741682205704,paired_wilcoxon,25,0.08694947481409748,0.09126554015707768,1.0,True,False
cfg_0119,0.1,0.1,0.0,0.0001,gaussian_diag_proxy,p99,16,True,200.0,120.0,0.8,0.25,-0.004316065342980183,0.816741682205704,paired_wilcoxon,25,0.08694947481409748,0.09126554015707768,1.0,True,False
cfg_0004,0.1,0.0,0.0,1e-05,gaussian_diag_proxy,p99,8,False,200.0,120.0,0.8,0.25,-0.004307683682682869,0.26321664708775816,paired_wilcoxon,25,0.09039422288151501,0.09470190656419789,1.0,True,False
cfg_0005,0.1,0.0,0.0,1e-05,gaussian_diag_proxy,p99,8,True,200.0,120.0,0.8,0.25,-0.004307683682682869,0.26321664708775816,paired_wilcoxon,25,0.09039422288151501,0.09470190656419789,1.0,True,False
cfg_0020,0.1,0.0,0.0,0.0001,gaussian_diag_proxy,p99,8,False,200.0,120.0,0.8,0.25,-0.004307660466208278,0.26321664708775816,paired_wilcoxon,25,0.09039424570377282,0.0947019061699811,1.0,True,False
cfg_0021,0.1,0.0,0.0,0.0001,gaussian_diag_proxy,p99,8,True,200.0,120.0,0.8,0.25,-0.004307660466208278,0.26321664708775816,paired_wilcoxon,25,0.09039424570377282,0.0947019061699811,1.0,True,False
cfg_0008,0.1,0.0,0.0,1e-05,logistic_ratio_proxy,none,8,False,200.0,120.0,0.8,0.25,-0.004277259398356708,0.017171300013161073,paired_wilcoxon,25,0.08143964538135527,0.08571690477971197,1.0,True,False
cfg_0009,0.1,0.0,0.0,1e-05,logistic_ratio_proxy,none,8,True,200.0,120.0,0.8,0.25,-0.004277259398356708,0.017171300013161073,paired_wilcoxon,25,0.08143964538135527,0.08571690477971197,1.0,True,False
cfg_0104,0.1,0.1,0.0,1e-05,logistic_ratio_proxy,none,8,False,200.0,120.0,0.8,0.25,-0.004277259398356708,0.017171300013161073,paired_wilcoxon,25,0.08143964538135527,0.08571690477971197,1.0,True,False
cfg_0105,0.1,0.1,0.0,1e-05,logistic_ratio_proxy,none,8,True,200.0,120.0,0.8,0.25,-0.004277259398356708,0.017171300013161073,paired_wilcoxon,25,0.08143964538135527,0.08571690477971197,1.0,True,False
cfg_0024,0.1,0.0,0.0,0.0001,logistic_ratio_proxy,none,8,False,200.0,120.0,0.8,0.25,-0.004277245462336155,0.017171300013161073,paired_wilcoxon,25,0.08143965911201594,0.0857169045743521,1.0,True,False
cfg_0025,0.1,0.0,0.0,0.0001,logistic_ratio_proxy,none,8,True,200.0,120.0,0.8,0.25,-0.004277245462336155,0.017171300013161073,paired_wilcoxon,25,0.08143965911201594,0.0857169045743521,1.0,True,False
cfg_0120,0.1,0.1,0.0,0.0001,logistic_ratio_proxy,none,8,False,200.0,120.0,0.8,0.25,-0.004277245462336155,0.017171300013161073,paired_wilcoxon,25,0.08143965911201594,0.0857169045743521,1.0,True,False
cfg_0121,0.1,0.1,0.0,0.0001,logistic_ratio_proxy,none,8,True,200.0,120.0,0.8,0.25,-0.004277245462336155,0.017171300013161073,paired_wilcoxon,25,0.08143965911201594,0.0857169045743521,1.0,True,False
cfg_0173,0.1,0.1,0.5,1e-05,logistic_ratio_proxy,p99,8,True,200.0,120.0,0.8,0.25,-0.0042265989467488805,0.048681111687963734,paired_wilcoxon,25,0.08164285967235439,0.08586945861910326,1.0,True,False
cfg_0189,0.1,0.1,0.5,0.0001,logistic_ratio_proxy,p99,8,True,200.0,120.0,0.8,0.25,-0.004226573626947862,0.048681111687963734,paired_wilcoxon,25,0.08164288479241674,0.08586945841936461,1.0,True,False
cfg_0077,0.1,0.0,0.5,1e-05,logistic_ratio_proxy,p99,8,True,200.0,120.0,0.8,0.25,-0.004225339332407391,0.048681111687963734,paired_wilcoxon,25,0.08164411928669589,0.08586945861910326,1.0,True,False
cfg_0093,0.1,0.0,0.5,0.0001,logistic_ratio_proxy,p99,8,True,200.0,120.0,0.8,0.25,-0.004225314304426301,0.048681111687963734,paired_wilcoxon,25,0.08164414411493831,0.08586945841936461,1.0,True,False
cfg_0076,0.1,0.0,0.5,1e-05,logistic_ratio_proxy,p99,8,False,200.0,120.0,0.8,0.25,-0.004187145750291492,0.043476925902070605,paired_wilcoxon,25,0.08168231286881177,0.08586945861910326,1.0,True,False
cfg_0092,0.1,0.0,0.5,0.0001,logistic_ratio_proxy,p99,8,False,200.0,120.0,0.8,0.25,-0.004187120481261221,0.043476925902070605,paired_wilcoxon,25,0.0816823379381034,0.08586945841936461,1.0,True,False
cfg_0045,0.1,0.0,0.1,1e-05,logistic_ratio_proxy,p99,8,True,200.0,120.0,0.8,0.25,-0.004087728889334191,0.017171300013161073,paired_wilcoxon,25,0.08178172972976908,0.08586945861910326,1.0,True,False
cfg_0061,0.1,0.0,0.1,0.0001,logistic_ratio_proxy,p99,8,True,200.0,120.0,0.8,0.25,-0.004087715942833674,0.017171300013161073,paired_wilcoxon,25,0.08178174247653094,0.08586945841936461,1.0,True,False
cfg_0169,0.1,0.1,0.5,1e-05,logistic_ratio_proxy,none,8,True,200.0,120.0,0.8,0.25,-0.004085186030616294,0.043476925902070605,paired_wilcoxon,25,0.08163171874909567,0.08571690477971197,1.0,True,False
cfg_0185,0.1,0.1,0.5,0.0001,logistic_ratio_proxy,none,8,True,200.0,120.0,0.8,0.25,-0.0040851648521820685,0.043476925902070605,paired_wilcoxon,25,0.08163173972217003,0.0857169045743521,1.0,True,False
cfg_0136,0.1,0.1,0.1,1e-05,logistic_ratio_proxy,none,8,False,200.0,120.0,0.8,0.25,-0.004056204326017306,0.054371707279341486,paired_wilcoxon,25,0.08166070045369465,0.08571690477971197,1.0,True,False
cfg_0152,0.1,0.1,0.1,0.0001,logistic_ratio_proxy,none,8,False,200.0,120.0,0.8,0.25,-0.004056183450728929,0.054371707279341486,paired_wilcoxon,25,0.08166072112362316,0.0857169045743521,1.0,True,False
cfg_0269,0.3,0.0,0.5,1e-05,logistic_ratio_proxy,p99,8,True,200.0,120.0,0.8,0.25,-0.003997452293825117,0.018350701665463064,paired_wilcoxon,25,0.08187200632527816,0.08586945861910326,1.0,True,False
cfg_0285,0.3,0.0,0.5,0.0001,logistic_ratio_proxy,p99,8,True,200.0,120.0,0.8,0.25,-0.003997434932818955,0.018350701665463064,paired_wilcoxon,25,0.08187202348654565,0.08586945841936461,1.0,True,False
cfg_0236,0.3,0.0,0.1,1e-05,logistic_ratio_proxy,p99,8,False,200.0,120.0,0.8,0.25,-0.003981838527038162,0.017171300013161073,paired_wilcoxon,25,0.08188762009206511,0.08586945861910326,1.0,True,False
cfg_0237,0.3,0.0,0.1,1e-05,logistic_ratio_proxy,p99,8,True,200.0,120.0,0.8,0.25,-0.003981838527038162,0.017171300013161073,paired_wilcoxon,25,0.08188762009206511,0.08586945861910326,1.0,True,False
cfg_0252,0.3,0.0,0.1,0.0001,logistic_ratio_proxy,p99,8,False,200.0,120.0,0.8,0.25,-0.003981827928524181,0.017171300013161073,paired_wilcoxon,25,0.08188763049084043,0.08586945841936461,1.0,True,False
cfg_0253,0.3,0.0,0.1,0.0001,logistic_ratio_proxy,p99,8,True,200.0,120.0,0.8,0.25,-0.003981827928524181,0.017171300013161073,paired_wilcoxon,25,0.08188763049084043,0.08586945841936461,1.0,True,False
cfg_0292,0.3,0.1,0.0,1e-05,gaussian_diag_proxy,p99,8,False,200.0,120.0,0.8,0.25,-0.0039646643783385945,0.2995702146384225,paired_wilcoxon,25,0.0907372421858593,0.09470190656419789,1.0,True,False
cfg_0293,0.3,0.1,0.0,1e-05,gaussian_diag_proxy,p99,8,True,200.0,120.0,0.8,0.25,-0.0039646643783385945,0.2995702146384225,paired_wilcoxon,25,0.0907372421858593,0.09470190656419789,1.0,True,False
cfg_0308,0.3,0.1,0.0,0.0001,gaussian_diag_proxy,p99,8,False,200.0,120.0,0.8,0.25,-0.003964644202210291,0.2995702146384225,paired_wilcoxon,25,0.09073726196777081,0.0947019061699811,1.0,True,False
cfg_0309,0.3,0.1,0.0,0.0001,gaussian_diag_proxy,p99,8,True,200.0,120.0,0.8,0.25,-0.003964644202210291,0.2995702146384225,paired_wilcoxon,25,0.09073726196777081,0.0947019061699811,1.0,True,False
cfg_0041,0.1,0.0,0.1,1e-05,logistic_ratio_proxy,none,8,True,200.0,120.0,0.8,0.25,-0.003941553962173595,0.09554632126929696,paired_wilcoxon,25,0.08177535081753838,0.08571690477971197,1.0,True,False
cfg_0137,0.1,0.1,0.1,1e-05,logistic_ratio_proxy,none,8,True,200.0,120.0,0.8,0.25,-0.003941553962173595,0.09554632126929696,paired_wilcoxon,25,0.08177535081753838,0.08571690477971197,1.0,True,False
cfg_0264,0.3,0.0,0.5,1e-05,logistic_ratio_proxy,none,8,False,200.0,120.0,0.8,0.25,-0.003941553962173595,0.09554632126929696,paired_wilcoxon,25,0.08177535081753838,0.08571690477971197,1.0,True,False
cfg_0057,0.1,0.0,0.1,0.0001,logistic_ratio_proxy,none,8,True,200.0,120.0,0.8,0.25,-0.0039415371479024856,0.09554632126929696,paired_wilcoxon,25,0.08177536742644963,0.0857169045743521,1.0,True,False
cfg_0153,0.1,0.1,0.1,0.0001,logistic_ratio_proxy,none,8,True,200.0,120.0,0.8,0.25,-0.0039415371479024856,0.09554632126929696,paired_wilcoxon,25,0.08177536742644963,0.0857169045743521,1.0,True,False
cfg_0280,0.3,0.0,0.5,0.0001,logistic_ratio_proxy,none,8,False,200.0,120.0,0.8,0.25,-0.0039415371479024856,0.09554632126929696,paired_wilcoxon,25,0.08177536742644963,0.0857169045743521,1.0,True,False
cfg_0040,0.1,0.0,0.1,1e-05,logistic_ratio_proxy,none,8,False,200.0,120.0,0.8,0.25,-0.00390945664234401,0.051463883640689316,paired_wilcoxon,25,0.08180744813736796,0.08571690477971197,1.0,True,False
cfg_0056,0.1,0.0,0.1,0.0001,logistic_ratio_proxy,none,8,False,200.0,120.0,0.8,0.25,-0.00390944225644288,0.051463883640689316,paired_wilcoxon,25,0.08180746231790921,0.0857169045743521,1.0,True,False
cfg_0300,0.3,0.1,0.0,1e-05,logistic_ratio_proxy,p99,8,False,200.0,120.0,0.8,0.25,-0.0038391189896285673,0.04104856621583939,paired_wilcoxon,25,0.0820303396294747,0.08586945861910326,1.0,True,False
cfg_0301,0.3,0.1,0.0,1e-05,logistic_ratio_proxy,p99,8,True,200.0,120.0,0.8,0.25,-0.0038391189896285673,0.04104856621583939,paired_wilcoxon,25,0.0820303396294747,0.08586945861910326,1.0,True,False
cfg_0316,0.3,0.1,0.0,0.0001,logistic_ratio_proxy,p99,8,False,200.0,120.0,0.8,0.25,-0.003839110220282812,0.04104856621583939,paired_wilcoxon,25,0.08203034819908181,0.08586945841936461,1.0,True,False
cfg_0317,0.3,0.1,0.0,0.0001,logistic_ratio_proxy,p99,8,True,200.0,120.0,0.8,0.25,-0.003839110220282812,0.04104856621583939,paired_wilcoxon,25,0.08203034819908181,0.08586945841936461,1.0,True,False
cfg_0265,0.3,0.0,0.5,1e-05,logistic_ratio_proxy,none,8,True,200.0,120.0,0.8,0.25,-0.0037772442867033424,0.16930156251033202,paired_wilcoxon,25,0.08193966049300863,0.08571690477971197,1.0,True,False
cfg_0361,0.3,0.1,0.5,1e-05,logistic_ratio_proxy,none,8,True,200.0,120.0,0.8,0.25,-0.0037772442867033424,0.16930156251033202,paired_wilcoxon,25,0.08193966049300863,0.08571690477971197,1.0,True,False
cfg_0281,0.3,0.0,0.5,0.0001,logistic_ratio_proxy,none,8,True,200.0,120.0,0.8,0.25,-0.0037772253353881356,0.16930156251033202,paired_wilcoxon,25,0.08193967923896396,0.0857169045743521,1.0,True,False
cfg_0377,0.3,0.1,0.5,0.0001,logistic_ratio_proxy,none,8,True,200.0,120.0,0.8,0.25,-0.0037772253353881356,0.16930156251033202,paired_wilcoxon,25,0.08193967923896396,0.0857169045743521,1.0,True,False
cfg_0268,0.3,0.0,0.5,1e-05,logistic_ratio_proxy,p99,8,False,200.0,120.0,0.8,0.25,-0.0037449770458335783,0.048681111687963734,paired_wilcoxon,25,0.0821244815732697,0.08586945861910326,1.0,True,False
cfg_0364,0.3,0.1,0.5,1e-05,logistic_ratio_proxy,p99,8,False,200.0,120.0,0.8,0.25,-0.0037449770458335783,0.048681111687963734,paired_wilcoxon,25,0.0821244815732697,0.08586945861910326,1.0,True,False
cfg_0365,0.3,0.1,0.5,1e-05,logistic_ratio_proxy,p99,8,True,200.0,120.0,0.8,0.25,-0.0037449770458335783,0.048681111687963734,paired_wilcoxon,25,0.0821244815732697,0.08586945861910326,1.0,True,False
cfg_0284,0.3,0.0,0.5,0.0001,logistic_ratio_proxy,p99,8,False,200.0,120.0,0.8,0.25,-0.0037449570408642115,0.048681111687963734,paired_wilcoxon,25,0.0821245013785004,0.08586945841936461,1.0,True,False
cfg_0380,0.3,0.1,0.5,0.0001,logistic_ratio_proxy,p99,8,False,200.0,120.0,0.8,0.25,-0.0037449570408642115,0.048681111687963734,paired_wilcoxon,25,0.0821245013785004,0.08586945841936461,1.0,True,False
cfg_0381,0.3,0.1,0.5,0.0001,logistic_ratio_proxy,p99,8,True,200.0,120.0,0.8,0.25,-0.0037449570408642115,0.048681111687963734,paired_wilcoxon,25,0.0821245013785004,0.08586945841936461,1.0,True,False
cfg_0296,0.3,0.1,0.0,1e-05,logistic_ratio_proxy,none,8,False,200.0,120.0,0.8,0.25,-0.0036952278987550406,0.051463883640689316,paired_wilcoxon,25,0.08202167688095693,0.08571690477971197,1.0,True,False
cfg_0297,0.3,0.1,0.0,1e-05,logistic_ratio_proxy,none,8,True,200.0,120.0,0.8,0.25,-0.0036952278987550406,0.051463883640689316,paired_wilcoxon,25,0.08202167688095693,0.08571690477971197,1.0,True,False
cfg_0312,0.3,0.1,0.0,0.0001,logistic_ratio_proxy,none,8,False,200.0,120.0,0.8,0.25,-0.0036952169890827648,0.051463883640689316,paired_wilcoxon,25,0.08202168758526933,0.0857169045743521,1.0,True,False
cfg_0313,0.3,0.1,0.0,0.0001,logistic_ratio_proxy,none,8,True,200.0,120.0,0.8,0.25,-0.0036952169890827648,0.051463883640689316,paired_wilcoxon,25,0.08202168758526933,0.0857169045743521,1.0,True,False
cfg_0204,0.3,0.0,0.0,1e-05,logistic_ratio_proxy,p99,8,False,200.0,120.0,0.8,0.25,-0.0036816401781286927,0.04601994776161695,paired_wilcoxon,25,0.08218781844097457,0.08586945861910326,1.0,True,False
cfg_0205,0.3,0.0,0.0,1e-05,logistic_ratio_proxy,p99,8,True,200.0,120.0,0.8,0.25,-0.0036816401781286927,0.04601994776161695,paired_wilcoxon,25,0.08218781844097457,0.08586945861910326,1.0,True,False
cfg_0220,0.3,0.0,0.0,0.0001,logistic_ratio_proxy,p99,8,False,200.0,120.0,0.8,0.25,-0.00368163174366059,0.04601994776161695,paired_wilcoxon,25,0.08218782667570404,0.08586945841936461,1.0,True,False
cfg_0221,0.3,0.0,0.0,0.0001,logistic_ratio_proxy,p99,8,True,200.0,120.0,0.8,0.25,-0.00368163174366059,0.04601994776161695,paired_wilcoxon,25,0.08218782667570404,0.08586945841936461,1.0,True,False
cfg_0196,0.3,0.0,0.0,1e-05,gaussian_diag_proxy,p99,8,False,200.0,120.0,0.8,0.25,-0.0036438372402687537,0.2995702146384225,paired_wilcoxon,25,0.09105806932392913,0.09470190656419789,1.0,True,False
cfg_0197,0.3,0.0,0.0,1e-05,gaussian_diag_proxy,p99,8,True,200.0,120.0,0.8,0.25,-0.0036438372402687537,0.2995702146384225,paired_wilcoxon,25,0.09105806932392913,0.09470190656419789,1.0,True,False
cfg_0212,0.3,0.0,0.0,0.0001,gaussian_diag_proxy,p99,8,False,200.0,120.0,0.8,0.25,-0.0036438178421655094,0.2995702146384225,paired_wilcoxon,25,0.09105808832781559,0.0947019061699811,1.0,True,False
cfg_0213,0.3,0.0,0.0,0.0001,gaussian_diag_proxy,p99,8,True,200.0,120.0,0.8,0.25,-0.0036438178421655094,0.2995702146384225,paired_wilcoxon,25,0.09105808832781559,0.0947019061699811,1.0,True,False
cfg_0172,0.1,0.1,0.5,1e-05,logistic_ratio_proxy,p99,8,False,200.0,120.0,0.8,0.25,-0.0036073612822952583,0.11516083947550126,paired_wilcoxon,25,0.08226209733680802,0.08586945861910326,1.0,True,False
cfg_0188,0.1,0.1,0.5,0.0001,logistic_ratio_proxy,p99,8,False,200.0,120.0,0.8,0.25,-0.003607334089793266,0.11516083947550126,paired_wilcoxon,25,0.08226212432957135,0.08586945841936461,1.0,True,False
cfg_0073,0.1,0.0,0.5,1e-05,logistic_ratio_proxy,none,8,True,200.0,120.0,0.8,0.25,-0.003603707186311609,0.11000784833877697,paired_wilcoxon,25,0.08211319759340037,0.08571690477971197,1.0,True,False
cfg_0089,0.1,0.0,0.5,0.0001,logistic_ratio_proxy,none,8,True,200.0,120.0,0.8,0.25,-0.00360368746352694,0.11000784833877697,paired_wilcoxon,25,0.08211321711082516,0.0857169045743521,1.0,True,False
cfg_0232,0.3,0.0,0.1,1e-05,logistic_ratio_proxy,none,8,False,200.0,120.0,0.8,0.25,-0.0035288605600919624,0.09554632126929696,paired_wilcoxon,25,0.08218804421962002,0.08571690477971197,1.0,True,False
cfg_0233,0.3,0.0,0.1,1e-05,logistic_ratio_proxy,none,8,True,200.0,120.0,0.8,0.25,-0.0035288605600919624,0.09554632126929696,paired_wilcoxon,25,0.08218804421962002,0.08571690477971197,1.0,True,False
cfg_0248,0.3,0.0,0.1,0.0001,logistic_ratio_proxy,none,8,False,200.0,120.0,0.8,0.25,-0.0035288503291697098,0.09554632126929696,paired_wilcoxon,25,0.08218805424518238,0.0857169045743521,1.0,True,False
cfg_0249,0.3,0.0,0.1,0.0001,logistic_ratio_proxy,none,8,True,200.0,120.0,0.8,0.25,-0.0035288503291697098,0.09554632126929696,paired_wilcoxon,25,0.08218805424518238,0.0857169045743521,1.0,True,False
cfg_0360,0.3,0.1,0.5,1e-05,logistic_ratio_proxy,none,8,False,200.0,120.0,0.8,0.25,-0.0034663964191146363,0.1374808087961295,paired_wilcoxon,25,0.08225050836059734,0.08571690477971197,1.0,True,False
cfg_0376,0.3,0.1,0.5,0.0001,logistic_ratio_proxy,none,8,False,200.0,120.0,0.8,0.25,-0.0034663749513672315,0.1374808087961295,paired_wilcoxon,25,0.08225052962298486,0.0857169045743521,1.0,True,False
cfg_0332,0.3,0.1,0.1,1e-05,logistic_ratio_proxy,p99,8,False,200.0,120.0,0.8,0.25,-0.0033798102054863827,0.10502242412752544,paired_wilcoxon,25,0.08248964841361689,0.08586945861910326,1.0,True,False
cfg_0333,0.3,0.1,0.1,1e-05,logistic_ratio_proxy,p99,8,True,200.0,120.0,0.8,0.25,-0.0033798102054863827,0.10502242412752544,paired_wilcoxon,25,0.08248964841361689,0.08586945861910326,1.0,True,False
cfg_0348,0.3,0.1,0.1,0.0001,logistic_ratio_proxy,p99,8,False,200.0,120.0,0.8,0.25,-0.0033797983359540396,0.10502242412752544,paired_wilcoxon,25,0.08248966008341058,0.08586945841936461,1.0,True,False
cfg_0349,0.3,0.1,0.1,0.0001,logistic_ratio_proxy,p99,8,True,200.0,120.0,0.8,0.25,-0.0033797983359540396,0.10502242412752544,paired_wilcoxon,25,0.08248966008341058,0.08586945841936461,1.0,True,False
cfg_0200,0.3,0.0,0.0,1e-05,logistic_ratio_proxy,none,8,False,200.0,120.0,0.8,0.25,-0.0032096144789911444,0.18325831779429602,paired_wilcoxon,25,0.08250729030072083,0.08571690477971197,1.0,True,False
cfg_0201,0.3,0.0,0.0,1e-05,logistic_ratio_proxy,none,8,True,200.0,120.0,0.8,0.25,-0.0032096144789911444,0.18325831779429602,paired_wilcoxon,25,0.08250729030072083,0.08571690477971197,1.0,True,False
cfg_0328,0.3,0.1,0.1,1e-05,logistic_ratio_proxy,none,8,False,200.0,120.0,0.8,0.25,-0.0032096144789911444,0.18325831779429602,paired_wilcoxon,25,0.08250729030072083,0.08571690477971197,1.0,True,False
cfg_0329,0.3,0.1,0.1,1e-05,logistic_ratio_proxy,none,8,True,200.0,120.0,0.8,0.25,-0.0032096144789911444,0.18325831779429602,paired_wilcoxon,25,0.08250729030072083,0.08571690477971197,1.0,True,False
cfg_0216,0.3,0.0,0.0,0.0001,logistic_ratio_proxy,none,8,False,200.0,120.0,0.8,0.25,-0.0032096056040809133,0.18325831779429602,paired_wilcoxon,25,0.08250729897027118,0.0857169045743521,1.0,True,False
cfg_0217,0.3,0.0,0.0,0.0001,logistic_ratio_proxy,none,8,True,200.0,120.0,0.8,0.25,-0.0032096056040809133,0.18325831779429602,paired_wilcoxon,25,0.08250729897027118,0.0857169045743521,1.0,True,False
cfg_0344,0.3,0.1,0.1,0.0001,logistic_ratio_proxy,none,8,False,200.0,120.0,0.8,0.25,-0.0032096056040809133,0.18325831779429602,paired_wilcoxon,25,0.08250729897027118,0.0857169045743521,1.0,True,False
cfg_0345,0.3,0.1,0.1,0.0001,logistic_ratio_proxy,none,8,True,200.0,120.0,0.8,0.25,-0.0032096056040809133,0.18325831779429602,paired_wilcoxon,25,0.08250729897027118,0.0857169045743521,1.0,True,False
cfg_0192,0.3,0.0,0.0,1e-05,gaussian_diag_proxy,none,8,False,200.0,120.0,0.8,0.25,-0.00010731493015246412,0.8238075173759826,paired_wilcoxon,25,0.11021611752032039,0.11032343245047282,1.0,True,False
cfg_0193,0.3,0.0,0.0,1e-05,gaussian_diag_proxy,none,8,True,200.0,120.0,0.8,0.25,-0.00010731493015246412,0.8238075173759826,paired_wilcoxon,25,0.11021611752032039,0.11032343245047282,1.0,True,False
cfg_0208,0.3,0.0,0.0,0.0001,gaussian_diag_proxy,none,8,False,200.0,120.0,0.8,0.25,-0.00010726349728947294,0.8238075173759826,paired_wilcoxon,25,0.11021616759569992,0.1103234310929894,1.0,True,False
cfg_0209,0.3,0.0,0.0,0.0001,gaussian_diag_proxy,none,8,True,200.0,120.0,0.8,0.25,-0.00010726349728947294,0.8238075173759826,paired_wilcoxon,25,0.11021616759569992,0.1103234310929894,1.0,True,False
cfg_0288,0.3,0.1,0.0,1e-05,gaussian_diag_proxy,none,8,False,200.0,120.0,0.8,0.25,0.0003598676109776665,0.889992151661223,paired_wilcoxon,25,0.1106833000614505,0.11032343245047282,1.0,False,False
cfg_0289,0.3,0.1,0.0,1e-05,gaussian_diag_proxy,none,8,True,200.0,120.0,0.8,0.25,0.0003598676109776665,0.889992151661223,paired_wilcoxon,25,0.1106833000614505,0.11032343245047282,1.0,False,False
cfg_0304,0.3,0.1,0.0,0.0001,gaussian_diag_proxy,none,8,False,200.0,120.0,0.8,0.25,0.0003599206368543053,0.889992151661223,paired_wilcoxon,25,0.1106833517298437,0.1103234310929894,1.0,False,False
cfg_0305,0.3,0.1,0.0,0.0001,gaussian_diag_proxy,none,8,True,200.0,120.0,0.8,0.25,0.0003599206368543053,0.889992151661223,paired_wilcoxon,25,0.1106833517298437,0.1103234310929894,1.0,False,False
cfg_0138,0.1,0.1,0.1,1e-05,logistic_ratio_proxy,none,16,False,200.0,120.0,0.8,0.25,0.0005550250767800632,0.9839427161312044,paired_wilcoxon,25,0.08137500342076233,0.08081997834398226,1.0,False,False
cfg_0154,0.1,0.1,0.1,0.0001,logistic_ratio_proxy,none,16,False,200.0,120.0,0.8,0.25,0.0005550438755184238,0.9839427161312044,paired_wilcoxon,25,0.08137502216280107,0.08081997828728264,1.0,False,False
cfg_0139,0.1,0.1,0.1,1e-05,logistic_ratio_proxy,none,16,True,200.0,120.0,0.8,0.25,0.0005845396933326938,0.9839427161312044,paired_wilcoxon,25,0.08140451803731497,0.08081997834398226,1.0,False,False
cfg_0155,0.1,0.1,0.1,0.0001,logistic_ratio_proxy,none,16,True,200.0,120.0,0.8,0.25,0.0005845578609197187,0.9839427161312044,paired_wilcoxon,25,0.08140453614820237,0.08081997828728264,1.0,False,False
cfg_0042,0.1,0.0,0.1,1e-05,logistic_ratio_proxy,none,16,False,200.0,120.0,0.8,0.25,0.0009177783207643237,0.9694950883454284,paired_wilcoxon,25,0.0817377566647466,0.08081997834398226,1.0,False,False
cfg_0043,0.1,0.0,0.1,1e-05,logistic_ratio_proxy,none,16,True,200.0,120.0,0.8,0.25,0.0009177783207643237,0.9694950883454284,paired_wilcoxon,25,0.0817377566647466,0.08081997834398226,1.0,False,False
cfg_0058,0.1,0.0,0.1,0.0001,logistic_ratio_proxy,none,16,False,200.0,120.0,0.8,0.25,0.0009177903370737724,0.9694950883454284,paired_wilcoxon,25,0.08173776862435639,0.08081997828728264,1.0,False,False
cfg_0059,0.1,0.0,0.1,0.0001,logistic_ratio_proxy,none,16,True,200.0,120.0,0.8,0.25,0.0009177903370737724,0.9694950883454284,paired_wilcoxon,25,0.08173776862435639,0.08081997828728264,1.0,False,False
cfg_0142,0.1,0.1,0.1,1e-05,logistic_ratio_proxy,p99,16,False,200.0,120.0,0.8,0.25,0.0010299196709464336,0.9694950883454284,paired_wilcoxon,25,0.08184443079127206,0.08081451112032564,1.0,False,False
cfg_0143,0.1,0.1,0.1,1e-05,logistic_ratio_proxy,p99,16,True,200.0,120.0,0.8,0.25,0.0010299196709464336,0.9694950883454284,paired_wilcoxon,25,0.08184443079127206,0.08081451112032564,1.0,False,False
cfg_0158,0.1,0.1,0.1,0.0001,logistic_ratio_proxy,p99,16,False,200.0,120.0,0.8,0.25,0.0010299302353912081,0.9694950883454284,paired_wilcoxon,25,0.08184444129714008,0.08081451106174888,1.0,False,False
cfg_0159,0.1,0.1,0.1,0.0001,logistic_ratio_proxy,p99,16,True,200.0,120.0,0.8,0.25,0.0010299302353912081,0.9694950883454284,paired_wilcoxon,25,0.08184444129714008,0.08081451106174888,1.0,False,False
cfg_0225,0.3,0.0,0.1,1e-05,gaussian_diag_proxy,none,8,True,200.0,120.0,0.8,0.25,0.001214928007923333,0.1979111679530729,paired_wilcoxon,25,0.11153836045839619,0.11032343245047282,1.0,False,False
cfg_0321,0.3,0.1,0.1,1e-05,gaussian_diag_proxy,none,8,True,200.0,120.0,0.8,0.25,0.001214928007923333,0.1979111679530729,paired_wilcoxon,25,0.11153836045839619,0.11032343245047282,1.0,False,False
cfg_0241,0.3,0.0,0.1,0.0001,gaussian_diag_proxy,none,8,True,200.0,120.0,0.8,0.25,0.0012149610501375448,0.1979111679530729,paired_wilcoxon,25,0.11153839214312694,0.1103234310929894,1.0,False,False
cfg_0337,0.3,0.1,0.1,0.0001,gaussian_diag_proxy,none,8,True,200.0,120.0,0.8,0.25,0.0012149610501375448,0.1979111679530729,paired_wilcoxon,25,0.11153839214312694,0.1103234310929894,1.0,False,False
cfg_0106,0.1,0.1,0.0,1e-05,logistic_ratio_proxy,none,16,False,200.0,120.0,0.8,0.25,0.001313835165556001,0.9849942074536356,paired_wilcoxon,25,0.08213381350953827,0.08081997834398226,1.0,False,False
cfg_0107,0.1,0.1,0.0,1e-05,logistic_ratio_proxy,none,16,True,200.0,120.0,0.8,0.25,0.001313835165556001,0.9849942074536356,paired_wilcoxon,25,0.08213381350953827,0.08081997834398226,1.0,False,False
cfg_0122,0.1,0.1,0.0,0.0001,logistic_ratio_proxy,none,16,False,200.0,120.0,0.8,0.25,0.001313844066850945,0.9849942074536356,paired_wilcoxon,25,0.08213382235413358,0.08081997828728264,1.0,False,False
cfg_0123,0.1,0.1,0.0,0.0001,logistic_ratio_proxy,none,16,True,200.0,120.0,0.8,0.25,0.001313844066850945,0.9849942074536356,paired_wilcoxon,25,0.08213382235413358,0.08081997828728264,1.0,False,False
cfg_0006,0.1,0.0,0.0,1e-05,gaussian_diag_proxy,p99,16,False,200.0,120.0,0.8,0.25,0.0013336938909702604,0.9730310991059848,paired_wilcoxon,25,0.09259923429454807,0.0912655404035778,1.0,False,False
cfg_0007,0.1,0.0,0.0,1e-05,gaussian_diag_proxy,p99,16,True,200.0,120.0,0.8,0.25,0.0013336938909702604,0.9730310991059848,paired_wilcoxon,25,0.09259923429454807,0.0912655404035778,1.0,False,False
cfg_0022,0.1,0.0,0.0,0.0001,gaussian_diag_proxy,p99,16,False,200.0,120.0,0.8,0.25,0.00133370969324605,0.9730310991059848,paired_wilcoxon,25,0.09259924985032372,0.09126554015707768,1.0,False,False
cfg_0023,0.1,0.0,0.0,0.0001,gaussian_diag_proxy,p99,16,True,200.0,120.0,0.8,0.25,0.00133370969324605,0.9730310991059848,paired_wilcoxon,25,0.09259924985032372,0.09126554015707768,1.0,False,False
cfg_0110,0.1,0.1,0.0,1e-05,logistic_ratio_proxy,p99,16,False,200.0,120.0,0.8,0.25,0.0013800980413308178,0.96758789619044,paired_wilcoxon,25,0.08219460916165647,0.08081451112032564,1.0,False,False
cfg_0111,0.1,0.1,0.0,1e-05,logistic_ratio_proxy,p99,16,True,200.0,120.0,0.8,0.25,0.0013800980413308178,0.96758789619044,paired_wilcoxon,25,0.08219460916165647,0.08081451112032564,1.0,False,False
cfg_0126,0.1,0.1,0.0,0.0001,logistic_ratio_proxy,p99,16,False,200.0,120.0,0.8,0.25,0.001380104469193099,0.96758789619044,paired_wilcoxon,25,0.08219461553094197,0.08081451106174888,1.0,False,False
cfg_0127,0.1,0.1,0.0,0.0001,logistic_ratio_proxy,p99,16,True,200.0,120.0,0.8,0.25,0.001380104469193099,0.96758789619044,paired_wilcoxon,25,0.08219461553094197,0.08081451106174888,1.0,False,False
cfg_0033,0.1,0.0,0.1,1e-05,gaussian_diag_proxy,none,8,True,200.0,120.0,0.8,0.25,0.0015258565225637068,0.1979111679530729,paired_wilcoxon,25,0.11184928897303655,0.11032343245047282,1.0,False,False
cfg_0129,0.1,0.1,0.1,1e-05,gaussian_diag_proxy,none,8,True,200.0,120.0,0.8,0.25,0.0015258565225637068,0.1979111679530729,paired_wilcoxon,25,0.11184928897303655,0.11032343245047282,1.0,False,False
cfg_0049,0.1,0.0,0.1,0.0001,gaussian_diag_proxy,none,8,True,200.0,120.0,0.8,0.25,0.0015258896334135572,0.1979111679530729,paired_wilcoxon,25,0.11184932072640295,0.1103234310929894,1.0,False,False
cfg_0145,0.1,0.1,0.1,0.0001,gaussian_diag_proxy,none,8,True,200.0,120.0,0.8,0.25,0.0015258896334135572,0.1979111679530729,paired_wilcoxon,25,0.11184932072640295,0.1103234310929894,1.0,False,False
cfg_0064,0.1,0.0,0.5,1e-05,gaussian_diag_proxy,none,8,False,200.0,120.0,0.8,0.25,0.0015884393312162962,0.1979111679530729,paired_wilcoxon,25,0.11191187178168914,0.11032343245047282,1.0,False,False
cfg_0065,0.1,0.0,0.5,1e-05,gaussian_diag_proxy,none,8,True,200.0,120.0,0.8,0.25,0.0015884393312162962,0.1979111679530729,paired_wilcoxon,25,0.11191187178168914,0.11032343245047282,1.0,False,False
cfg_0160,0.1,0.1,0.5,1e-05,gaussian_diag_proxy,none,8,False,200.0,120.0,0.8,0.25,0.0015884393312162962,0.1979111679530729,paired_wilcoxon,25,0.11191187178168914,0.11032343245047282,1.0,False,False
cfg_0161,0.1,0.1,0.5,1e-05,gaussian_diag_proxy,none,8,True,200.0,120.0,0.8,0.25,0.0015884393312162962,0.1979111679530729,paired_wilcoxon,25,0.11191187178168914,0.11032343245047282,1.0,False,False
cfg_0256,0.3,0.0,0.5,1e-05,gaussian_diag_proxy,none,8,False,200.0,120.0,0.8,0.25,0.0015884393312162962,0.1979111679530729,paired_wilcoxon,25,0.11191187178168914,0.11032343245047282,1.0,False,False
cfg_0257,0.3,0.0,0.5,1e-05,gaussian_diag_proxy,none,8,True,200.0,120.0,0.8,0.25,0.0015884393312162962,0.1979111679530729,paired_wilcoxon,25,0.11191187178168914,0.11032343245047282,1.0,False,False
cfg_0352,0.3,0.1,0.5,1e-05,gaussian_diag_proxy,none,8,False,200.0,120.0,0.8,0.25,0.0015884393312162962,0.1979111679530729,paired_wilcoxon,25,0.11191187178168914,0.11032343245047282,1.0,False,False
cfg_0353,0.3,0.1,0.5,1e-05,gaussian_diag_proxy,none,8,True,200.0,120.0,0.8,0.25,0.0015884393312162962,0.1979111679530729,paired_wilcoxon,25,0.11191187178168914,0.11032343245047282,1.0,False,False
cfg_0080,0.1,0.0,0.5,0.0001,gaussian_diag_proxy,none,8,False,200.0,120.0,0.8,0.25,0.0015884745698036703,0.1979111679530729,paired_wilcoxon,25,0.11191190566279306,0.1103234310929894,1.0,False,False
cfg_0081,0.1,0.0,0.5,0.0001,gaussian_diag_proxy,none,8,True,200.0,120.0,0.8,0.25,0.0015884745698036703,0.1979111679530729,paired_wilcoxon,25,0.11191190566279306,0.1103234310929894,1.0,False,False
cfg_0176,0.1,0.1,0.5,0.0001,gaussian_diag_proxy,none,8,False,200.0,120.0,0.8,0.25,0.0015884745698036703,0.1979111679530729,paired_wilcoxon,25,0.11191190566279306,0.1103234310929894,1.0,False,False
cfg_0177,0.1,0.1,0.5,0.0001,gaussian_diag_proxy,none,8,True,200.0,120.0,0.8,0.25,0.0015884745698036703,0.1979111679530729,paired_wilcoxon,25,0.11191190566279306,0.1103234310929894,1.0,False,False
cfg_0272,0.3,0.0,0.5,0.0001,gaussian_diag_proxy,none,8,False,200.0,120.0,0.8,0.25,0.0015884745698036703,0.1979111679530729,paired_wilcoxon,25,0.11191190566279306,0.1103234310929894,1.0,False,False
cfg_0273,0.3,0.0,0.5,0.0001,gaussian_diag_proxy,none,8,True,200.0,120.0,0.8,0.25,0.0015884745698036703,0.1979111679530729,paired_wilcoxon,25,0.11191190566279306,0.1103234310929894,1.0,False,False
cfg_0368,0.3,0.1,0.5,0.0001,gaussian_diag_proxy,none,8,False,200.0,120.0,0.8,0.25,0.0015884745698036703,0.1979111679530729,paired_wilcoxon,25,0.11191190566279306,0.1103234310929894,1.0,False,False
cfg_0369,0.3,0.1,0.5,0.0001,gaussian_diag_proxy,none,8,True,200.0,120.0,0.8,0.25,0.0015884745698036703,0.1979111679530729,paired_wilcoxon,25,0.11191190566279306,0.1103234310929894,1.0,False,False
cfg_0047,0.1,0.0,0.1,1e-05,logistic_ratio_proxy,p99,16,True,200.0,120.0,0.8,0.25,0.0018791244544515192,0.9746666225709312,paired_wilcoxon,25,0.08269363557477717,0.08081451112032564,1.0,False,False
cfg_0063,0.1,0.0,0.1,0.0001,logistic_ratio_proxy,p99,16,True,200.0,120.0,0.8,0.25,0.0018791348850470562,0.9746666225709312,paired_wilcoxon,25,0.08269364594679592,0.08081451106174888,1.0,False,False
cfg_0010,0.1,0.0,0.0,1e-05,logistic_ratio_proxy,none,16,False,200.0,120.0,0.8,0.25,0.0019202519690441596,0.9878010444986849,paired_wilcoxon,25,0.08274023031302644,0.08081997834398226,1.0,False,False
cfg_0011,0.1,0.0,0.0,1e-05,logistic_ratio_proxy,none,16,True,200.0,120.0,0.8,0.25,0.0019202519690441596,0.9878010444986849,paired_wilcoxon,25,0.08274023031302644,0.08081997834398226,1.0,False,False
cfg_0026,0.1,0.0,0.0,0.0001,logistic_ratio_proxy,none,16,False,200.0,120.0,0.8,0.25,0.0019202598696916933,0.9878010444986849,paired_wilcoxon,25,0.08274023815697433,0.08081997828728264,1.0,False,False
cfg_0027,0.1,0.0,0.0,0.0001,logistic_ratio_proxy,none,16,True,200.0,120.0,0.8,0.25,0.0019202598696916933,0.9878010444986849,paired_wilcoxon,25,0.08274023815697433,0.08081997828728264,1.0,False,False
cfg_0014,0.1,0.0,0.0,1e-05,logistic_ratio_proxy,p99,16,False,200.0,120.0,0.8,0.25,0.0019263171918863817,0.9730310991059848,paired_wilcoxon,25,0.08274082831221202,0.08081451112032564,1.0,False,False
cfg_0015,0.1,0.0,0.0,1e-05,logistic_ratio_proxy,p99,16,True,200.0,120.0,0.8,0.25,0.0019263171918863817,0.9730310991059848,paired_wilcoxon,25,0.08274082831221202,0.08081451112032564,1.0,False,False
cfg_0030,0.1,0.0,0.0,0.0001,logistic_ratio_proxy,p99,16,False,200.0,120.0,0.8,0.25,0.0019263226507646885,0.9730310991059848,paired_wilcoxon,25,0.08274083371251356,0.08081451106174888,1.0,False,False
cfg_0031,0.1,0.0,0.0,0.0001,logistic_ratio_proxy,p99,16,True,200.0,120.0,0.8,0.25,0.0019263226507646885,0.9730310991059848,paired_wilcoxon,25,0.08274083371251356,0.08081451106174888,1.0,False,False
cfg_0074,0.1,0.0,0.5,1e-05,logistic_ratio_proxy,none,16,False,200.0,120.0,0.8,0.25,0.002095334346180464,0.9926460947141795,paired_wilcoxon,25,0.08291531269016274,0.08081997834398226,1.0,False,False
cfg_0170,0.1,0.1,0.5,1e-05,logistic_ratio_proxy,none,16,False,200.0,120.0,0.8,0.25,0.002095334346180464,0.9926460947141795,paired_wilcoxon,25,0.08291531269016274,0.08081997834398226,1.0,False,False
cfg_0090,0.1,0.0,0.5,0.0001,logistic_ratio_proxy,none,16,False,200.0,120.0,0.8,0.25,0.0020953541630535314,0.9926460947141795,paired_wilcoxon,25,0.08291533245033617,0.08081997828728264,1.0,False,False
cfg_0186,0.1,0.1,0.5,0.0001,logistic_ratio_proxy,none,16,False,200.0,120.0,0.8,0.25,0.0020953541630535314,0.9926460947141795,paired_wilcoxon,25,0.08291533245033617,0.08081997828728264,1.0,False,False
cfg_0046,0.1,0.0,0.1,1e-05,logistic_ratio_proxy,p99,16,False,200.0,120.0,0.8,0.25,0.0022528557083685936,0.9762182226729597,paired_wilcoxon,25,0.08306736682869424,0.08081451112032564,1.0,False,False
cfg_0062,0.1,0.0,0.1,0.0001,logistic_ratio_proxy,p99,16,False,200.0,120.0,0.8,0.25,0.0022528652562291357,0.9762182226729597,paired_wilcoxon,25,0.083067376317978,0.08081451106174888,1.0,False,False
cfg_0202,0.3,0.0,0.0,1e-05,logistic_ratio_proxy,none,16,False,200.0,120.0,0.8,0.25,0.002477736406258835,0.9975753326497939,paired_wilcoxon,25,0.0832977147502411,0.08081997834398226,1.0,False,False
cfg_0203,0.3,0.0,0.0,1e-05,logistic_ratio_proxy,none,16,True,200.0,120.0,0.8,0.25,0.002477736406258835,0.9975753326497939,paired_wilcoxon,25,0.0832977147502411,0.08081997834398226,1.0,False,False
cfg_0218,0.3,0.0,0.0,0.0001,logistic_ratio_proxy,none,16,False,200.0,120.0,0.8,0.25,0.0024777478532223072,0.9975753326497939,paired_wilcoxon,25,0.08329772614050494,0.08081997828728264,1.0,False,False
cfg_0219,0.3,0.0,0.0,0.0001,logistic_ratio_proxy,none,16,True,200.0,120.0,0.8,0.25,0.0024777478532223072,0.9975753326497939,paired_wilcoxon,25,0.08329772614050494,0.08081997828728264,1.0,False,False
cfg_0334,0.3,0.1,0.1,1e-05,logistic_ratio_proxy,p99,16,False,200.0,120.0,0.8,0.25,0.002664778899261105,0.9936738027784271,paired_wilcoxon,25,0.08347929001958676,0.08081451112032564,1.0,False,False
cfg_0335,0.3,0.1,0.1,1e-05,logistic_ratio_proxy,p99,16,True,200.0,120.0,0.8,0.25,0.002664778899261105,0.9936738027784271,paired_wilcoxon,25,0.08347929001958676,0.08081451112032564,1.0,False,False
cfg_0350,0.3,0.1,0.1,0.0001,logistic_ratio_proxy,p99,16,False,200.0,120.0,0.8,0.25,0.002664790159093762,0.9936738027784271,paired_wilcoxon,25,0.08347930122084263,0.08081451106174888,1.0,False,False
cfg_0351,0.3,0.1,0.1,0.0001,logistic_ratio_proxy,p99,16,True,200.0,120.0,0.8,0.25,0.002664790159093762,0.9936738027784271,paired_wilcoxon,25,0.08347930122084263,0.08081451106174888,1.0,False,False
cfg_0234,0.3,0.0,0.1,1e-05,logistic_ratio_proxy,none,16,False,200.0,120.0,0.8,0.25,0.0027641294112777854,0.9975753326497939,paired_wilcoxon,25,0.08358410775526005,0.08081997834398226,1.0,False,False
cfg_0235,0.3,0.0,0.1,1e-05,logistic_ratio_proxy,none,16,True,200.0,120.0,0.8,0.25,0.0027641294112777854,0.9975753326497939,paired_wilcoxon,25,0.08358410775526005,0.08081997834398226,1.0,False,False
cfg_0298,0.3,0.1,0.0,1e-05,logistic_ratio_proxy,none,16,False,200.0,120.0,0.8,0.25,0.0027641294112777854,0.9975753326497939,paired_wilcoxon,25,0.08358410775526005,0.08081997834398226,1.0,False,False
cfg_0299,0.3,0.1,0.0,1e-05,logistic_ratio_proxy,none,16,True,200.0,120.0,0.8,0.25,0.0027641294112777854,0.9975753326497939,paired_wilcoxon,25,0.08358410775526005,0.08081997834398226,1.0,False,False
cfg_0330,0.3,0.1,0.1,1e-05,logistic_ratio_proxy,none,16,False,200.0,120.0,0.8,0.25,0.0027641294112777854,0.9975753326497939,paired_wilcoxon,25,0.08358410775526005,0.08081997834398226,1.0,False,False
cfg_0331,0.3,0.1,0.1,1e-05,logistic_ratio_proxy,none,16,True,200.0,120.0,0.8,0.25,0.0027641294112777854,0.9975753326497939,paired_wilcoxon,25,0.08358410775526005,0.08081997834398226,1.0,False,False
cfg_0250,0.3,0.0,0.1,0.0001,logistic_ratio_proxy,none,16,False,200.0,120.0,0.8,0.25,0.002764140395487309,0.9975753326497939,paired_wilcoxon,25,0.08358411868276994,0.08081997828728264,1.0,False,False
cfg_0251,0.3,0.0,0.1,0.0001,logistic_ratio_proxy,none,16,True,200.0,120.0,0.8,0.25,0.002764140395487309,0.9975753326497939,paired_wilcoxon,25,0.08358411868276994,0.08081997828728264,1.0,False,False
cfg_0314,0.3,0.1,0.0,0.0001,logistic_ratio_proxy,none,16,False,200.0,120.0,0.8,0.25,0.002764140395487309,0.9975753326497939,paired_wilcoxon,25,0.08358411868276994,0.08081997828728264,1.0,False,False
cfg_0315,0.3,0.1,0.0,0.0001,logistic_ratio_proxy,none,16,True,200.0,120.0,0.8,0.25,0.002764140395487309,0.9975753326497939,paired_wilcoxon,25,0.08358411868276994,0.08081997828728264,1.0,False,False
cfg_0346,0.3,0.1,0.1,0.0001,logistic_ratio_proxy,none,16,False,200.0,120.0,0.8,0.25,0.002764140395487309,0.9975753326497939,paired_wilcoxon,25,0.08358411868276994,0.08081997828728264,1.0,False,False
cfg_0347,0.3,0.1,0.1,0.0001,logistic_ratio_proxy,none,16,True,200.0,120.0,0.8,0.25,0.002764140395487309,0.9975753326497939,paired_wilcoxon,25,0.08358411868276994,0.08081997828728264,1.0,False,False
cfg_0206,0.3,0.0,0.0,1e-05,logistic_ratio_proxy,p99,16,False,200.0,120.0,0.8,0.25,0.0028030116657172203,0.9936738027784271,paired_wilcoxon,25,0.08361752278604286,0.08081451112032564,1.0,False,False
cfg_0207,0.3,0.0,0.0,1e-05,logistic_ratio_proxy,p99,16,True,200.0,120.0,0.8,0.25,0.0028030116657172203,0.9936738027784271,paired_wilcoxon,25,0.08361752278604286,0.08081451112032564,1.0,False,False
cfg_0222,0.3,0.0,0.0,0.0001,logistic_ratio_proxy,p99,16,False,200.0,120.0,0.8,0.25,0.0028030222939086336,0.9936738027784271,paired_wilcoxon,25,0.0836175333556575,0.08081451106174888,1.0,False,False
cfg_0223,0.3,0.0,0.0,0.0001,logistic_ratio_proxy,p99,16,True,200.0,120.0,0.8,0.25,0.0028030222939086336,0.9936738027784271,paired_wilcoxon,25,0.0836175333556575,0.08081451106174888,1.0,False,False
cfg_0238,0.3,0.0,0.1,1e-05,logistic_ratio_proxy,p99,16,False,200.0,120.0,0.8,0.25,0.002960957624242558,0.9936738027784271,paired_wilcoxon,25,0.08377546874456819,0.08081451112032564,1.0,False,False
cfg_0239,0.3,0.0,0.1,1e-05,logistic_ratio_proxy,p99,16,True,200.0,120.0,0.8,0.25,0.002960957624242558,0.9936738027784271,paired_wilcoxon,25,0.08377546874456819,0.08081451112032564,1.0,False,False
cfg_0302,0.3,0.1,0.0,1e-05,logistic_ratio_proxy,p99,16,False,200.0,120.0,0.8,0.25,0.002960957624242558,0.9936738027784271,paired_wilcoxon,25,0.08377546874456819,0.08081451112032564,1.0,False,False
cfg_0303,0.3,0.1,0.0,1e-05,logistic_ratio_proxy,p99,16,True,200.0,120.0,0.8,0.25,0.002960957624242558,0.9936738027784271,paired_wilcoxon,25,0.08377546874456819,0.08081451112032564,1.0,False,False
cfg_0254,0.3,0.0,0.1,0.0001,logistic_ratio_proxy,p99,16,False,200.0,120.0,0.8,0.25,0.0029609676950536155,0.9936738027784271,paired_wilcoxon,25,0.08377547875680248,0.08081451106174888,1.0,False,False
cfg_0255,0.3,0.0,0.1,0.0001,logistic_ratio_proxy,p99,16,True,200.0,120.0,0.8,0.25,0.0029609676950536155,0.9936738027784271,paired_wilcoxon,25,0.08377547875680248,0.08081451106174888,1.0,False,False
cfg_0318,0.3,0.1,0.0,0.0001,logistic_ratio_proxy,p99,16,False,200.0,120.0,0.8,0.25,0.0029609676950536155,0.9936738027784271,paired_wilcoxon,25,0.08377547875680248,0.08081451106174888,1.0,False,False
cfg_0319,0.3,0.1,0.0,0.0001,logistic_ratio_proxy,p99,16,True,200.0,120.0,0.8,0.25,0.0029609676950536155,0.9936738027784271,paired_wilcoxon,25,0.08377547875680248,0.08081451106174888,1.0,False,False
cfg_0228,0.3,0.0,0.1,1e-05,gaussian_diag_proxy,p99,8,False,200.0,120.0,0.8,0.25,0.003851521908345469,0.04104856621583939,paired_wilcoxon,25,0.09855342847254335,0.09470190656419789,1.0,False,False
cfg_0244,0.3,0.0,0.1,0.0001,gaussian_diag_proxy,p99,8,False,200.0,120.0,0.8,0.25,0.0038515270494184,0.04104856621583939,paired_wilcoxon,25,0.09855343321939952,0.0947019061699811,1.0,False,False
cfg_0002,0.1,0.0,0.0,1e-05,gaussian_diag_proxy,none,16,False,200.0,120.0,0.8,0.25,0.004152329707572609,0.9776891366509919,paired_wilcoxon,25,0.1014138944096705,0.09726156470209789,1.0,False,False
cfg_0003,0.1,0.0,0.0,1e-05,gaussian_diag_proxy,none,16,True,200.0,120.0,0.8,0.25,0.004152329707572609,0.9776891366509919,paired_wilcoxon,25,0.1014138944096705,0.09726156470209789,1.0,False,False
cfg_0018,0.1,0.0,0.0,0.0001,gaussian_diag_proxy,none,16,False,200.0,120.0,0.8,0.25,0.004152369481529196,0.9776891366509919,paired_wilcoxon,25,0.1014139338241263,0.0972615643425971,1.0,False,False
cfg_0019,0.1,0.0,0.0,0.0001,gaussian_diag_proxy,none,16,True,200.0,120.0,0.8,0.25,0.004152369481529196,0.9776891366509919,paired_wilcoxon,25,0.1014139338241263,0.0972615643425971,1.0,False,False
cfg_0198,0.3,0.0,0.0,1e-05,gaussian_diag_proxy,p99,16,False,200.0,120.0,0.8,0.25,0.006935348319310348,0.9886295722899568,paired_wilcoxon,25,0.09820088872288815,0.0912655404035778,1.0,False,False
cfg_0199,0.3,0.0,0.0,1e-05,gaussian_diag_proxy,p99,16,True,200.0,120.0,0.8,0.25,0.006935348319310348,0.9886295722899568,paired_wilcoxon,25,0.09820088872288815,0.0912655404035778,1.0,False,False
cfg_0214,0.3,0.0,0.0,0.0001,gaussian_diag_proxy,p99,16,False,200.0,120.0,0.8,0.25,0.006935366953309685,0.9886295722899568,paired_wilcoxon,25,0.09820090711038734,0.09126554015707768,1.0,False,False
cfg_0215,0.3,0.0,0.0,0.0001,gaussian_diag_proxy,p99,16,True,200.0,120.0,0.8,0.25,0.006935366953309685,0.9886295722899568,paired_wilcoxon,25,0.09820090711038734,0.09126554015707768,1.0,False,False
cfg_0294,0.3,0.1,0.0,1e-05,gaussian_diag_proxy,p99,16,False,200.0,120.0,0.8,0.25,0.007615433375244645,0.990141021285127,paired_wilcoxon,25,0.09888097377882245,0.0912655404035778,1.0,False,False
cfg_0295,0.3,0.1,0.0,1e-05,gaussian_diag_proxy,p99,16,True,200.0,120.0,0.8,0.25,0.007615433375244645,0.990141021285127,paired_wilcoxon,25,0.09888097377882245,0.0912655404035778,1.0,False,False
cfg_0310,0.3,0.1,0.0,0.0001,gaussian_diag_proxy,p99,16,False,200.0,120.0,0.8,0.25,0.007615448045934778,0.990141021285127,paired_wilcoxon,25,0.09888098820301244,0.09126554015707768,1.0,False,False
cfg_0311,0.3,0.1,0.0,0.0001,gaussian_diag_proxy,p99,16,True,200.0,120.0,0.8,0.25,0.007615448045934778,0.990141021285127,paired_wilcoxon,25,0.09888098820301244,0.09126554015707768,1.0,False,False
cfg_0036,0.1,0.0,0.1,1e-05,gaussian_diag_proxy,p99,8,False,200.0,120.0,0.8,0.25,0.010308457378750161,0.13164188163022134,paired_wilcoxon,25,0.10501036394294803,0.09470190656419789,1.0,False,False
cfg_0037,0.1,0.0,0.1,1e-05,gaussian_diag_proxy,p99,8,True,200.0,120.0,0.8,0.25,0.010308457378750161,0.13164188163022134,paired_wilcoxon,25,0.10501036394294803,0.09470190656419789,1.0,False,False
cfg_0132,0.1,0.1,0.1,1e-05,gaussian_diag_proxy,p99,8,False,200.0,120.0,0.8,0.25,0.010308457378750161,0.13164188163022134,paired_wilcoxon,25,0.10501036394294803,0.09470190656419789,1.0,False,False
cfg_0133,0.1,0.1,0.1,1e-05,gaussian_diag_proxy,p99,8,True,200.0,120.0,0.8,0.25,0.010308457378750161,0.13164188163022134,paired_wilcoxon,25,0.10501036394294803,0.09470190656419789,1.0,False,False
cfg_0260,0.3,0.0,0.5,1e-05,gaussian_diag_proxy,p99,8,False,200.0,120.0,0.8,0.25,0.010308457378750161,0.13164188163022134,paired_wilcoxon,25,0.10501036394294803,0.09470190656419789,1.0,False,False
cfg_0261,0.3,0.0,0.5,1e-05,gaussian_diag_proxy,p99,8,True,200.0,120.0,0.8,0.25,0.010308457378750161,0.13164188163022134,paired_wilcoxon,25,0.10501036394294803,0.09470190656419789,1.0,False,False
cfg_0356,0.3,0.1,0.5,1e-05,gaussian_diag_proxy,p99,8,False,200.0,120.0,0.8,0.25,0.010308457378750161,0.13164188163022134,paired_wilcoxon,25,0.10501036394294803,0.09470190656419789,1.0,False,False
cfg_0357,0.3,0.1,0.5,1e-05,gaussian_diag_proxy,p99,8,True,200.0,120.0,0.8,0.25,0.010308457378750161,0.13164188163022134,paired_wilcoxon,25,0.10501036394294803,0.09470190656419789,1.0,False,False
cfg_0052,0.1,0.0,0.1,0.0001,gaussian_diag_proxy,p99,8,False,200.0,120.0,0.8,0.25,0.010308462928197456,0.13164188163022134,paired_wilcoxon,25,0.10501036909817855,0.0947019061699811,1.0,False,False
cfg_0053,0.1,0.0,0.1,0.0001,gaussian_diag_proxy,p99,8,True,200.0,120.0,0.8,0.25,0.010308462928197456,0.13164188163022134,paired_wilcoxon,25,0.10501036909817855,0.0947019061699811,1.0,False,False
cfg_0148,0.1,0.1,0.1,0.0001,gaussian_diag_proxy,p99,8,False,200.0,120.0,0.8,0.25,0.010308462928197456,0.13164188163022134,paired_wilcoxon,25,0.10501036909817855,0.0947019061699811,1.0,False,False
cfg_0149,0.1,0.1,0.1,0.0001,gaussian_diag_proxy,p99,8,True,200.0,120.0,0.8,0.25,0.010308462928197456,0.13164188163022134,paired_wilcoxon,25,0.10501036909817855,0.0947019061699811,1.0,False,False
cfg_0276,0.3,0.0,0.5,0.0001,gaussian_diag_proxy,p99,8,False,200.0,120.0,0.8,0.25,0.010308462928197456,0.13164188163022134,paired_wilcoxon,25,0.10501036909817855,0.0947019061699811,1.0,False,False
cfg_0277,0.3,0.0,0.5,0.0001,gaussian_diag_proxy,p99,8,True,200.0,120.0,0.8,0.25,0.010308462928197456,0.13164188163022134,paired_wilcoxon,25,0.10501036909817855,0.0947019061699811,1.0,False,False
cfg_0372,0.3,0.1,0.5,0.0001,gaussian_diag_proxy,p99,8,False,200.0,120.0,0.8,0.25,0.010308462928197456,0.13164188163022134,paired_wilcoxon,25,0.10501036909817855,0.0947019061699811,1.0,False,False
cfg_0373,0.3,0.1,0.5,0.0001,gaussian_diag_proxy,p99,8,True,200.0,120.0,0.8,0.25,0.010308462928197456,0.13164188163022134,paired_wilcoxon,25,0.10501036909817855,0.0947019061699811,1.0,False,False
cfg_0229,0.3,0.0,0.1,1e-05,gaussian_diag_proxy,p99,8,True,200.0,120.0,0.8,0.25,0.010366062133432828,0.13164188163022134,paired_wilcoxon,25,0.10506796869763071,0.09470190656419789,1.0,False,False
cfg_0325,0.3,0.1,0.1,1e-05,gaussian_diag_proxy,p99,8,True,200.0,120.0,0.8,0.25,0.010366062133432828,0.13164188163022134,paired_wilcoxon,25,0.10506796869763071,0.09470190656419789,1.0,False,False
cfg_0245,0.3,0.0,0.1,0.0001,gaussian_diag_proxy,p99,8,True,200.0,120.0,0.8,0.25,0.010366067524786898,0.13164188163022134,paired_wilcoxon,25,0.105067973694768,0.0947019061699811,1.0,False,False
cfg_0341,0.3,0.1,0.1,0.0001,gaussian_diag_proxy,p99,8,True,200.0,120.0,0.8,0.25,0.010366067524786898,0.13164188163022134,paired_wilcoxon,25,0.105067973694768,0.0947019061699811,1.0,False,False
cfg_0324,0.3,0.1,0.1,1e-05,gaussian_diag_proxy,p99,8,False,200.0,120.0,0.8,0.25,0.010505872302663343,0.13164188163022134,paired_wilcoxon,25,0.10520777886686122,0.09470190656419789,1.0,False,False
cfg_0340,0.3,0.1,0.1,0.0001,gaussian_diag_proxy,p99,8,False,200.0,120.0,0.8,0.25,0.010505890563159677,0.13164188163022134,paired_wilcoxon,25,0.10520779673314079,0.0947019061699811,1.0,False,False
cfg_0068,0.1,0.0,0.5,1e-05,gaussian_diag_proxy,p99,8,False,200.0,120.0,0.8,0.25,0.010536909164751852,0.13164188163022134,paired_wilcoxon,25,0.10523881572894973,0.09470190656419789,1.0,False,False
cfg_0069,0.1,0.0,0.5,1e-05,gaussian_diag_proxy,p99,8,True,200.0,120.0,0.8,0.25,0.010536909164751852,0.13164188163022134,paired_wilcoxon,25,0.10523881572894973,0.09470190656419789,1.0,False,False
cfg_0164,0.1,0.1,0.5,1e-05,gaussian_diag_proxy,p99,8,False,200.0,120.0,0.8,0.25,0.010536909164751852,0.13164188163022134,paired_wilcoxon,25,0.10523881572894973,0.09470190656419789,1.0,False,False
cfg_0165,0.1,0.1,0.5,1e-05,gaussian_diag_proxy,p99,8,True,200.0,120.0,0.8,0.25,0.010536909164751852,0.13164188163022134,paired_wilcoxon,25,0.10523881572894973,0.09470190656419789,1.0,False,False
cfg_0084,0.1,0.0,0.5,0.0001,gaussian_diag_proxy,p99,8,False,200.0,120.0,0.8,0.25,0.010536916057875151,0.13164188163022134,paired_wilcoxon,25,0.10523882222785627,0.0947019061699811,1.0,False,False
cfg_0085,0.1,0.0,0.5,0.0001,gaussian_diag_proxy,p99,8,True,200.0,120.0,0.8,0.25,0.010536916057875151,0.13164188163022134,paired_wilcoxon,25,0.10523882222785627,0.0947019061699811,1.0,False,False
cfg_0180,0.1,0.1,0.5,0.0001,gaussian_diag_proxy,p99,8,False,200.0,120.0,0.8,0.25,0.010536916057875151,0.13164188163022134,paired_wilcoxon,25,0.10523882222785627,0.0947019061699811,1.0,False,False
cfg_0181,0.1,0.1,0.5,0.0001,gaussian_diag_proxy,p99,8,True,200.0,120.0,0.8,0.25,0.010536916057875151,0.13164188163022134,paired_wilcoxon,25,0.10523882222785627,0.0947019061699811,1.0,False,False
cfg_0078,0.1,0.0,0.5,1e-05,logistic_ratio_proxy,p99,16,False,200.0,120.0,0.8,0.25,0.012513578605035927,0.9859859623577384,paired_wilcoxon,25,0.09332808972536157,0.08081451112032564,1.0,False,False
cfg_0094,0.1,0.0,0.5,0.0001,logistic_ratio_proxy,p99,16,False,200.0,120.0,0.8,0.25,0.01251360836562827,0.9859859623577384,paired_wilcoxon,25,0.09332811942737713,0.08081451106174888,1.0,False,False
cfg_0174,0.1,0.1,0.5,1e-05,logistic_ratio_proxy,p99,16,False,200.0,120.0,0.8,0.25,0.012664026520482836,0.9945722749330672,paired_wilcoxon,25,0.09347853764080848,0.08081451112032564,1.0,False,False
cfg_0190,0.1,0.1,0.5,0.0001,logistic_ratio_proxy,p99,16,False,200.0,120.0,0.8,0.25,0.012664055361856053,0.9945722749330672,paired_wilcoxon,25,0.09347856642360491,0.08081451106174888,1.0,False,False
cfg_0171,0.1,0.1,0.5,1e-05,logistic_ratio_proxy,none,16,True,200.0,120.0,0.8,0.25,0.01295924476258572,0.997771266250655,paired_wilcoxon,25,0.09377922310656799,0.08081997834398226,1.0,False,False
cfg_0187,0.1,0.1,0.5,0.0001,logistic_ratio_proxy,none,16,True,200.0,120.0,0.8,0.25,0.012959266297625638,0.997771266250655,paired_wilcoxon,25,0.09377924458490826,0.08081997828728264,1.0,False,False
cfg_0270,0.3,0.0,0.5,1e-05,logistic_ratio_proxy,p99,16,False,200.0,120.0,0.8,0.25,0.014287873657410053,0.9963418834399137,paired_wilcoxon,25,0.0951023847777357,0.08081451112032564,1.0,False,False
cfg_0271,0.3,0.0,0.5,1e-05,logistic_ratio_proxy,p99,16,True,200.0,120.0,0.8,0.25,0.014287873657410053,0.9963418834399137,paired_wilcoxon,25,0.0951023847777357,0.08081451112032564,1.0,False,False
cfg_0367,0.3,0.1,0.5,1e-05,logistic_ratio_proxy,p99,16,True,200.0,120.0,0.8,0.25,0.014287873657410053,0.9963418834399137,paired_wilcoxon,25,0.0951023847777357,0.08081451112032564,1.0,False,False
cfg_0286,0.3,0.0,0.5,0.0001,logistic_ratio_proxy,p99,16,False,200.0,120.0,0.8,0.25,0.014287893920362867,0.9963418834399137,paired_wilcoxon,25,0.09510240498211173,0.08081451106174888,1.0,False,False
cfg_0287,0.3,0.0,0.5,0.0001,logistic_ratio_proxy,p99,16,True,200.0,120.0,0.8,0.25,0.014287893920362867,0.9963418834399137,paired_wilcoxon,25,0.09510240498211173,0.08081451106174888,1.0,False,False
cfg_0383,0.3,0.1,0.5,0.0001,logistic_ratio_proxy,p99,16,True,200.0,120.0,0.8,0.25,0.014287893920362867,0.9963418834399137,paired_wilcoxon,25,0.09510240498211173,0.08081451106174888,1.0,False,False
cfg_0079,0.1,0.0,0.5,1e-05,logistic_ratio_proxy,p99,16,True,200.0,120.0,0.8,0.25,0.014309124857697144,0.9878010444986849,paired_wilcoxon,25,0.0951236359780228,0.08081451112032564,1.0,False,False
cfg_0095,0.1,0.0,0.5,0.0001,logistic_ratio_proxy,p99,16,True,200.0,120.0,0.8,0.25,0.014309155846871147,0.9878010444986849,paired_wilcoxon,25,0.09512366690862001,0.08081451106174888,1.0,False,False
cfg_0175,0.1,0.1,0.5,1e-05,logistic_ratio_proxy,p99,16,True,200.0,120.0,0.8,0.25,0.014459572773144054,0.9953554836825986,paired_wilcoxon,25,0.0952740838934697,0.08081451112032564,1.0,False,False
cfg_0191,0.1,0.1,0.5,0.0001,logistic_ratio_proxy,p99,16,True,200.0,120.0,0.8,0.25,0.014459602843098931,0.9953554836825986,paired_wilcoxon,25,0.0952741139048478,0.08081451106174888,1.0,False,False
cfg_0366,0.3,0.1,0.5,1e-05,logistic_ratio_proxy,p99,16,False,200.0,120.0,0.8,0.25,0.014618787500966067,0.9963418834399137,paired_wilcoxon,25,0.09543329862129171,0.08081451112032564,1.0,False,False
cfg_0382,0.3,0.1,0.5,0.0001,logistic_ratio_proxy,p99,16,False,200.0,120.0,0.8,0.25,0.014618806114720153,0.9963418834399137,paired_wilcoxon,25,0.09543331717646902,0.08081451106174888,1.0,False,False
cfg_0034,0.1,0.0,0.1,1e-05,gaussian_diag_proxy,none,16,False,200.0,120.0,0.8,0.25,0.01534546680959987,0.5268641309552985,paired_wilcoxon,25,0.11260703151169776,0.09726156470209789,1.0,False,False
cfg_0130,0.1,0.1,0.1,1e-05,gaussian_diag_proxy,none,16,False,200.0,120.0,0.8,0.25,0.01534546680959987,0.5268641309552985,paired_wilcoxon,25,0.11260703151169776,0.09726156470209789,1.0,False,False
cfg_0050,0.1,0.0,0.1,0.0001,gaussian_diag_proxy,none,16,False,200.0,120.0,0.8,0.25,0.0153454869424528,0.5268641309552985,paired_wilcoxon,25,0.1126070512850499,0.0972615643425971,1.0,False,False
cfg_0146,0.1,0.1,0.1,0.0001,gaussian_diag_proxy,none,16,False,200.0,120.0,0.8,0.25,0.0153454869424528,0.5268641309552985,paired_wilcoxon,25,0.1126070512850499,0.0972615643425971,1.0,False,False
cfg_0226,0.3,0.0,0.1,1e-05,gaussian_diag_proxy,none,16,False,200.0,120.0,0.8,0.25,0.01603385470721437,0.5268641309552985,paired_wilcoxon,25,0.11329541940931227,0.09726156470209789,1.0,False,False
cfg_0322,0.3,0.1,0.1,1e-05,gaussian_diag_proxy,none,16,False,200.0,120.0,0.8,0.25,0.01603385470721437,0.5268641309552985,paired_wilcoxon,25,0.11329541940931227,0.09726156470209789,1.0,False,False
cfg_0242,0.3,0.0,0.1,0.0001,gaussian_diag_proxy,none,16,False,200.0,120.0,0.8,0.25,0.016033874414071194,0.5268641309552985,paired_wilcoxon,25,0.11329543875666831,0.0972615643425971,1.0,False,False
cfg_0338,0.3,0.1,0.1,0.0001,gaussian_diag_proxy,none,16,False,200.0,120.0,0.8,0.25,0.016033874414071194,0.5268641309552985,paired_wilcoxon,25,0.11329543875666831,0.0972615643425971,1.0,False,False
cfg_0290,0.3,0.1,0.0,1e-05,gaussian_diag_proxy,none,16,False,200.0,120.0,0.8,0.25,0.016098063711136593,0.9936738027784271,paired_wilcoxon,25,0.1133596284132345,0.09726156470209789,1.0,False,False
cfg_0291,0.3,0.1,0.0,1e-05,gaussian_diag_proxy,none,16,True,200.0,120.0,0.8,0.25,0.016098063711136593,0.9936738027784271,paired_wilcoxon,25,0.1133596284132345,0.09726156470209789,1.0,False,False
cfg_0306,0.3,0.1,0.0,0.0001,gaussian_diag_proxy,none,16,False,200.0,120.0,0.8,0.25,0.016098088777757983,0.9936738027784271,paired_wilcoxon,25,0.1133596531203551,0.0972615643425971,1.0,False,False
cfg_0307,0.3,0.1,0.0,0.0001,gaussian_diag_proxy,none,16,True,200.0,120.0,0.8,0.25,0.016098088777757983,0.9936738027784271,paired_wilcoxon,25,0.1133596531203551,0.0972615643425971,1.0,False,False
cfg_0075,0.1,0.0,0.5,1e-05,logistic_ratio_proxy,none,16,True,200.0,120.0,0.8,0.25,0.017590062489283978,0.9981207050980916,paired_wilcoxon,25,0.09841004083326624,0.08081997834398226,1.0,False,False
cfg_0091,0.1,0.0,0.5,0.0001,logistic_ratio_proxy,none,16,True,200.0,120.0,0.8,0.25,0.017590084760850194,0.9981207050980916,paired_wilcoxon,25,0.09841006304813282,0.08081997828728264,1.0,False,False
cfg_0266,0.3,0.0,0.5,1e-05,logistic_ratio_proxy,none,16,False,200.0,120.0,0.8,0.25,0.017967300804413618,0.9982760483656256,paired_wilcoxon,25,0.09878727914839588,0.08081997834398226,1.0,False,False
cfg_0362,0.3,0.1,0.5,1e-05,logistic_ratio_proxy,none,16,False,200.0,120.0,0.8,0.25,0.017967300804413618,0.9982760483656256,paired_wilcoxon,25,0.09878727914839588,0.08081997834398226,1.0,False,False
cfg_0363,0.3,0.1,0.5,1e-05,logistic_ratio_proxy,none,16,True,200.0,120.0,0.8,0.25,0.017967300804413618,0.9982760483656256,paired_wilcoxon,25,0.09878727914839588,0.08081997834398226,1.0,False,False
cfg_0282,0.3,0.0,0.5,0.0001,logistic_ratio_proxy,none,16,False,200.0,120.0,0.8,0.25,0.017967323384694537,0.9982760483656256,paired_wilcoxon,25,0.09878730167197716,0.08081997828728264,1.0,False,False
cfg_0378,0.3,0.1,0.5,0.0001,logistic_ratio_proxy,none,16,False,200.0,120.0,0.8,0.25,0.017967323384694537,0.9982760483656256,paired_wilcoxon,25,0.09878730167197716,0.08081997828728264,1.0,False,False
cfg_0267,0.3,0.0,0.5,1e-05,logistic_ratio_proxy,none,16,True,200.0,120.0,0.8,0.25,0.01804919374397385,0.9981207050980916,paired_wilcoxon,25,0.0988691720879561,0.08081997834398226,1.0,False,False
cfg_0283,0.3,0.0,0.5,0.0001,logistic_ratio_proxy,none,16,True,200.0,120.0,0.8,0.25,0.018049221963133032,0.9981207050980916,paired_wilcoxon,25,0.09886920025041566,0.08081997828728264,1.0,False,False
cfg_0194,0.3,0.0,0.0,1e-05,gaussian_diag_proxy,none,16,False,200.0,120.0,0.8,0.25,0.018106174379466787,0.993177023220009,paired_wilcoxon,25,0.1153677390815647,0.09726156470209789,1.0,False,False
cfg_0195,0.3,0.0,0.0,1e-05,gaussian_diag_proxy,none,16,True,200.0,120.0,0.8,0.25,0.018106174379466787,0.993177023220009,paired_wilcoxon,25,0.1153677390815647,0.09726156470209789,1.0,False,False
cfg_0210,0.3,0.0,0.0,0.0001,gaussian_diag_proxy,none,16,False,200.0,120.0,0.8,0.25,0.01810619655928859,0.993177023220009,paired_wilcoxon,25,0.1153677609018857,0.0972615643425971,1.0,False,False
cfg_0211,0.3,0.0,0.0,0.0001,gaussian_diag_proxy,none,16,True,200.0,120.0,0.8,0.25,0.01810619655928859,0.993177023220009,paired_wilcoxon,25,0.1153677609018857,0.0972615643425971,1.0,False,False
cfg_0035,0.1,0.0,0.1,1e-05,gaussian_diag_proxy,none,16,True,200.0,120.0,0.8,0.25,0.01921693507318864,0.5375824900010183,paired_wilcoxon,25,0.11647849977528654,0.09726156470209789,1.0,False,False
cfg_0131,0.1,0.1,0.1,1e-05,gaussian_diag_proxy,none,16,True,200.0,120.0,0.8,0.25,0.01921693507318864,0.5375824900010183,paired_wilcoxon,25,0.11647849977528654,0.09726156470209789,1.0,False,False
cfg_0051,0.1,0.0,0.1,0.0001,gaussian_diag_proxy,none,16,True,200.0,120.0,0.8,0.25,0.019216957210508093,0.5375824900010183,paired_wilcoxon,25,0.1164785215531052,0.0972615643425971,1.0,False,False
cfg_0147,0.1,0.1,0.1,0.0001,gaussian_diag_proxy,none,16,True,200.0,120.0,0.8,0.25,0.019216957210508093,0.5375824900010183,paired_wilcoxon,25,0.1164785215531052,0.0972615643425971,1.0,False,False
cfg_0066,0.1,0.0,0.5,1e-05,gaussian_diag_proxy,none,16,False,200.0,120.0,0.8,0.25,0.019300973228204593,0.5375824900010183,paired_wilcoxon,25,0.1165625379303025,0.09726156470209789,1.0,False,False
cfg_0162,0.1,0.1,0.5,1e-05,gaussian_diag_proxy,none,16,False,200.0,120.0,0.8,0.25,0.019300973228204593,0.5375824900010183,paired_wilcoxon,25,0.1165625379303025,0.09726156470209789,1.0,False,False
cfg_0082,0.1,0.0,0.5,0.0001,gaussian_diag_proxy,none,16,False,200.0,120.0,0.8,0.25,0.019300996831927063,0.5375824900010183,paired_wilcoxon,25,0.11656256117452417,0.0972615643425971,1.0,False,False
cfg_0178,0.1,0.1,0.5,0.0001,gaussian_diag_proxy,none,16,False,200.0,120.0,0.8,0.25,0.019300996831927063,0.5375824900010183,paired_wilcoxon,25,0.11656256117452417,0.0972615643425971,1.0,False,False
cfg_0067,0.1,0.0,0.5,1e-05,gaussian_diag_proxy,none,16,True,200.0,120.0,0.8,0.25,0.01937344228933904,0.5375824900010183,paired_wilcoxon,25,0.11663500699143693,0.09726156470209789,1.0,False,False
cfg_0163,0.1,0.1,0.5,1e-05,gaussian_diag_proxy,none,16,True,200.0,120.0,0.8,0.25,0.01937344228933904,0.5375824900010183,paired_wilcoxon,25,0.11663500699143693,0.09726156470209789,1.0,False,False
cfg_0083,0.1,0.0,0.5,0.0001,gaussian_diag_proxy,none,16,True,200.0,120.0,0.8,0.25,0.019373458314681898,0.5375824900010183,paired_wilcoxon,25,0.11663502265727901,0.0972615643425971,1.0,False,False
cfg_0179,0.1,0.1,0.5,0.0001,gaussian_diag_proxy,none,16,True,200.0,120.0,0.8,0.25,0.019373458314681898,0.5375824900010183,paired_wilcoxon,25,0.11663502265727901,0.0972615643425971,1.0,False,False
cfg_0227,0.3,0.0,0.1,1e-05,gaussian_diag_proxy,none,16,True,200.0,120.0,0.8,0.25,0.01990532297080314,0.5375824900010183,paired_wilcoxon,25,0.11716688767290105,0.09726156470209789,1.0,False,False
cfg_0323,0.3,0.1,0.1,1e-05,gaussian_diag_proxy,none,16,True,200.0,120.0,0.8,0.25,0.01990532297080314,0.5375824900010183,paired_wilcoxon,25,0.11716688767290105,0.09726156470209789,1.0,False,False
cfg_0243,0.3,0.0,0.1,0.0001,gaussian_diag_proxy,none,16,True,200.0,120.0,0.8,0.25,0.01990534468212649,0.5375824900010183,paired_wilcoxon,25,0.1171669090247236,0.0972615643425971,1.0,False,False
cfg_0339,0.3,0.1,0.1,0.0001,gaussian_diag_proxy,none,16,True,200.0,120.0,0.8,0.25,0.01990534468212649,0.5375824900010183,paired_wilcoxon,25,0.1171669090247236,0.0972615643425971,1.0,False,False
cfg_0258,0.3,0.0,0.5,1e-05,gaussian_diag_proxy,none,16,False,200.0,120.0,0.8,0.25,0.019970248935929816,0.5375824900010183,paired_wilcoxon,25,0.11723181363802772,0.09726156470209789,1.0,False,False
cfg_0259,0.3,0.0,0.5,1e-05,gaussian_diag_proxy,none,16,True,200.0,120.0,0.8,0.25,0.019970248935929816,0.5375824900010183,paired_wilcoxon,25,0.11723181363802772,0.09726156470209789,1.0,False,False
cfg_0354,0.3,0.1,0.5,1e-05,gaussian_diag_proxy,none,16,False,200.0,120.0,0.8,0.25,0.019970248935929816,0.5375824900010183,paired_wilcoxon,25,0.11723181363802772,0.09726156470209789,1.0,False,False
cfg_0355,0.3,0.1,0.5,1e-05,gaussian_diag_proxy,none,16,True,200.0,120.0,0.8,0.25,0.019970248935929816,0.5375824900010183,paired_wilcoxon,25,0.11723181363802772,0.09726156470209789,1.0,False,False
cfg_0274,0.3,0.0,0.5,0.0001,gaussian_diag_proxy,none,16,False,200.0,120.0,0.8,0.25,0.019970262779470886,0.5375824900010183,paired_wilcoxon,25,0.11723182712206798,0.0972615643425971,1.0,False,False
cfg_0275,0.3,0.0,0.5,0.0001,gaussian_diag_proxy,none,16,True,200.0,120.0,0.8,0.25,0.019970262779470886,0.5375824900010183,paired_wilcoxon,25,0.11723182712206798,0.0972615643425971,1.0,False,False
cfg_0370,0.3,0.1,0.5,0.0001,gaussian_diag_proxy,none,16,False,200.0,120.0,0.8,0.25,0.019970262779470886,0.5375824900010183,paired_wilcoxon,25,0.11723182712206798,0.0972615643425971,1.0,False,False
cfg_0371,0.3,0.1,0.5,0.0001,gaussian_diag_proxy,none,16,True,200.0,120.0,0.8,0.25,0.019970262779470886,0.5375824900010183,paired_wilcoxon,25,0.11723182712206798,0.0972615643425971,1.0,False,False
